url;fv;tag
https://google.com;[0, 0, 0, 0, 0, 0, 0, 1, 0, 29, 0, 1, 0, 0, 1, 0, 1, 0, 0];0
https://youtube.com;[0, 0, 0, 0, 0, 0, 0, 0, 0, 24, 0, 1, 0, 0, 0, 1, 1, 0, 1];0
https://facebook.com;[0, 0, 0, 0, 0, 0, 0, 0, 1, 48, 0, 0, 0, 0, 0, 1, 1, 0, 1];0
https://twitter.com;[0, 0, 0, 0, 0, 0, 0, 0, 1, 11, 0, 1, 0, 0, 1, 0, 1, 1, 1];0
https://wikipedia.org;[0, 0, 0, 0, 0, 0, 0, 1, 1, 337, 0, 1, 0, 0, 0, 0, 1, 0, 0];0
https://amazon.com;[0, 0, 0, 0, 0, 0, 1, 0, 0, 4, 0, 1, 0, 1, 0, 1, 0, 1, 0];0
https://instagram.com/;[0, 0, 0, 0, 0, 0, 0, 1, 0, 7, 0, 1, 0, 0, 0, 1, 1, 0, 1];0
https://linkedin.com;[0, 0, 0, 0, 0, 0, 0, 0, 1, 126, 0, 1, 0, 0, 0, 1, 1, 0, 1];0
https://reddit.com;[0, 0, 0, 0, 0, 0, 0, 1, 0, 207, 0, 0, 0, 0, 0, 0, 1, 0, 1];0
https://whatsapp.com;[0, 0, 0, 0, 0, 0, 0, 0, 0, 3, 0, 1, 0, 0, 0, 0, 1, 0, 0];0
https://openai.com;[0, 0, 0, 0, 0, 0, 0, 0, 1, 83, 0, 0, 0, 0, 0, 0, 1, 0, 0];0
https://yahoo.com;[0, 0, 0, 0, 0, 0, 0, 1, 1, 136, 0, 1, 0, 0, 0, 1, 0, 0, 1];0
https://bing.com;[0, 0, 0, 0, 0, 0, 0, 1, 0, 36, 0, 0, 0, 0, 0, 0, 1, 0, 0];0
https://live.com;[0, 0, 0, 0, 0, 0, 0, 0, 0, 44, 0, 1, 0, 0, 1, 1, 1, 0, 1];0
https://microsoft.com;[0, 0, 0, 0, 0, 0, 0, 0, 1, 183, 0, 1, 0, 0, 0, 1, 0, 0, 0];0
https://zoom.us;[0, 0, 0, 0, 0, 0, 0, 0, 0, 291, 0, 1, 0, 0, 0, 1, 0, 0, 1];0
https://github.com;[0, 0, 0, 0, 0, 0, 0, 0, 0, 198, 0, 1, 0, 0, 0, 1, 0, 0, 1];0
https://okx.com;[0, 0, 0, 0, 0, 0, 0, 1, 0, 194, 0, 0, 0, 0, 0, 1, 0, 0, 1];0
https://canva.com;[0, 0, 0, 0, 0, 0, 0, 0, 0, 0, 1, 0, 0, 0, 0, 0, 1, 1, 0];0
https://fdown.net;[0, 0, 0, 0, 0, 0, 0, 0, 0, 0, 1, 0, 0, 0, 0, 0, 1, 1, 0];0
https://fandom.com;[0, 0, 0, 0, 0, 0, 0, 0, 1, 132, 0, 1, 0, 0, 0, 1, 0, 0, 1];0
https://office.com;[0, 0, 0, 0, 0, 0, 0, 0, 0, 205, 0, 1, 0, 0, 1, 1, 0, 0, 1];0
https://t.co;[0, 0, 0, 0, 0, 0, 0, 0, 0, 14, 0, 1, 0, 0, 1, 0, 1, 0, 1];0
https://hinative.com;[0, 0, 0, 0, 0, 0, 0, 0, 0, 230, 0, 0, 0, 0, 0, 1, 1, 0, 1];0
https://apple.com;[0, 0, 0, 0, 0, 0, 0, 0, 0, 118, 0, 0, 0, 0, 0, 0, 0, 0, 0];0
https://aliexpress.com;[0, 0, 0, 0, 0, 0, 1, 1, 0, 37, 0, 1, 0, 0, 0, 1, 1, 0, 1];0
https://microsoft.com;[0, 0, 0, 0, 0, 0, 0, 0, 1, 183, 0, 1, 0, 0, 0, 1, 0, 0, 0];0
https://paypal.com;[0, 0, 0, 0, 0, 0, 0, 1, 0, 73, 0, 1, 0, 0, 0, 1, 1, 0, 1];0
https://pinterest.com;[0, 0, 0, 0, 0, 0, 0, 0, 0, 26, 0, 1, 0, 0, 0, 0, 0, 0, 1];0
https://ebay.com;[0, 0, 0, 0, 0, 0, 0, 1, 1, 457, 0, 1, 0, 0, 0, 1, 0, 0, 1];0
https://msn.com;[0, 0, 0, 0, 0, 0, 0, 1, 0, 5, 0, 1, 0, 0, 0, 0, 1, 0, 0];0
https://netflix.com;[0, 0, 0, 0, 0, 0, 0, 0, 0, 31, 0, 1, 0, 0, 0, 1, 1, 0, 1];0
https://audible.com;[0, 0, 0, 0, 0, 0, 0, 1, 1, 338, 0, 0, 0, 0, 0, 1, 0, 0, 1];0
https://telegram.org;[0, 0, 0, 0, 0, 0, 0, 0, 0, 74, 0, 0, 0, 0, 0, 0, 1, 0, 0];0
https://quora.com;[0, 0, 0, 0, 0, 0, 0, 1, 0, 5, 0, 1, 0, 0, 0, 1, 1, 0, 1];0
https://stackoverflow.com;[0, 0, 0, 0, 0, 0, 0, 0, 0, 149, 0, 1, 0, 0, 0, 1, 0, 0, 1];0
https://spotify.com;[0, 0, 0, 0, 0, 0, 0, 0, 0, 6, 0, 1, 0, 0, 0, 1, 1, 0, 1];0
https://myshopify.com;[0, 0, 0, 0, 0, 0, 0, 0, 0, 9, 0, 1, 0, 0, 1, 1, 1, 0, 1];0
https://smallpdf.com;[0, 0, 0, 0, 0, 0, 0, 1, 0, 161, 0, 0, 0, 0, 0, 1, 0, 0, 0];0
https://indeed.com;[0, 0, 0, 0, 0, 0, 0, 0, 0, 0, 1, 0, 0, 0, 0, 0, 1, 1, 0];0
https://deepl.com;[0, 0, 0, 0, 0, 0, 0, 0, 0, 22, 0, 1, 0, 0, 0, 1, 1, 0, 1];0
https://duckduckgo.com;[0, 0, 0, 0, 0, 0, 0, 0, 1, 10, 0, 0, 0, 0, 0, 0, 1, 0, 0];0
https://tencent.com;[0, 0, 0, 0, 0, 0, 0, 0, 0, 157, 0, 1, 0, 0, 0, 0, 0, 0, 0];0
https://etsy.com;[0, 0, 0, 0, 0, 0, 0, 1, 1, 103, 0, 1, 0, 0, 0, 1, 0, 0, 0];0
https://amazon.co.uk;[0, 0, 0, 0, 0, 0, 1, 1, 1, 366, 0, 0, 0, 0, 0, 1, 0, 0, 0];0
https://booking.com;[0, 0, 0, 0, 0, 0, 0, 1, 1, 285, 0, 0, 0, 0, 0, 1, 0, 0, 1];0
https://imgur.com;[0, 0, 0, 0, 0, 0, 0, 0, 0, 9, 0, 1, 0, 0, 0, 1, 0, 0, 1];0
https://ilovepdf.com;[0, 0, 0, 0, 0, 0, 0, 0, 0, 174, 0, 0, 0, 0, 0, 0, 0, 0, 0];0
https://itch.io;[0, 0, 0, 0, 0, 0, 0, 0, 0, 338, 0, 0, 0, 0, 0, 1, 0, 0, 0];0
https://atlassian.net;[0, 0, 0, 0, 0, 0, 0, 0, 1, 189, 0, 0, 0, 0, 0, 1, 0, 0, 0];0
https://force.com;[0, 0, 0, 0, 0, 0, 0, 0, 0, 190, 0, 1, 0, 0, 0, 1, 1, 0, 1];0
https://dropbox.com;[0, 0, 0, 0, 0, 0, 0, 0, 0, 203, 0, 1, 0, 0, 0, 1, 0, 0, 1];0
https://office.com;[0, 0, 0, 0, 0, 0, 0, 0, 0, 205, 0, 1, 0, 0, 1, 1, 0, 0, 1];0
https://javlibrary.com;[0, 0, 0, 0, 0, 0, 0, 0, 0, 8, 0, 0, 0, 0, 0, 0, 0, 0, 1];0
https://discord.com;[0, 0, 0, 0, 0, 0, 0, 0, 0, 58, 0, 0, 0, 0, 0, 0, 1, 0, 0];0
https://t.me;[0, 0, 0, 0, 0, 0, 0, 0, 0, 74, 0, 0, 0, 0, 0, 0, 1, 1, 0];0
https://wordpress.com;[0, 0, 0, 0, 0, 0, 0, 0, 0, 185, 0, 0, 0, 0, 0, 1, 1, 0, 1];0
https://ny.gov;[0, 0, 0, 0, 0, 0, 0, 0, 0, 83, 0, 1, 0, 0, 0, 0, 1, 0, 0];0
https://tradingview.com;[0, 0, 0, 0, 0, 0, 0, 1, 0, 901, 0, 1, 0, 0, 0, 1, 0, 0, 1];0
https://onlyfans.com;[0, 0, 0, 0, 0, 0, 0, 0, 0, 56, 0, 1, 0, 0, 0, 1, 1, 0, 1];0
https://amazon.com;[0, 0, 0, 0, 0, 0, 1, 0, 0, 4, 0, 1, 0, 1, 0, 1, 0, 1, 0];0
https://flipkart.com;[0, 0, 0, 0, 0, 0, 0, 1, 0, 407, 0, 0, 0, 0, 0, 1, 1, 0, 1];0
https://alibaba.com;[0, 0, 0, 0, 0, 0, 0, 0, 1, 168, 0, 1, 0, 0, 0, 1, 1, 0, 1];0
https://mediafire.com;[0, 0, 0, 0, 0, 0, 0, 0, 1, 63, 0, 0, 0, 0, 0, 1, 0, 0, 0];0
https://doubleclick.net;[0, 0, 0, 0, 0, 0, 0, 0, 0, 109, 0, 0, 0, 0, 0, 1, 1, 1, 1];0
https://realtor.com;[0, 0, 0, 0, 0, 0, 0, 0, 0, 366, 0, 0, 0, 0, 0, 0, 1, 0, 1];0
https://monday.com;[0, 0, 0, 0, 0, 0, 0, 0, 1, 354, 0, 0, 0, 0, 0, 0, 0, 0, 0];0
https://trello.com;[0, 0, 0, 0, 0, 0, 0, 1, 0, 146, 0, 0, 0, 0, 0, 0, 1, 0, 1];0
https://google.de;[0, 0, 0, 0, 0, 0, 0, 1, 0, 30, 0, 1, 0, 0, 1, 0, 1, 0, 0];0
https://slack.com;[0, 0, 0, 0, 0, 0, 0, 1, 0, 117, 0, 0, 0, 0, 0, 1, 0, 0, 1];0
https://nytimes.com;[0, 0, 0, 0, 0, 0, 0, 1, 0, 210, 0, 1, 0, 0, 0, 1, 1, 0, 0];0
https://fiverr.com;[0, 0, 0, 0, 0, 0, 0, 1, 0, 3, 0, 0, 0, 0, 0, 0, 0, 0, 1];0
https://tumblr.com;[0, 0, 0, 0, 0, 0, 0, 0, 0, 3, 0, 0, 0, 0, 0, 1, 1, 0, 1];0
https://notion.so;[0, 0, 0, 0, 0, 0, 0, 1, 0, 282, 0, 0, 0, 0, 0, 0, 0, 0, 0];0
https://shopify.com;[0, 0, 0, 0, 0, 0, 0, 0, 1, 278, 0, 1, 0, 0, 0, 1, 1, 0, 1];0
https://xiaomi.com;[0, 0, 0, 0, 0, 0, 0, 0, 0, 119, 0, 1, 0, 0, 0, 1, 0, 0, 1];0
https://bbc.com;[0, 0, 0, 0, 0, 0, 0, 1, 0, 380, 0, 1, 0, 0, 0, 1, 0, 0, 0];0
https://kotak.com;[0, 0, 0, 0, 0, 0, 0, 0, 0, 1044, 0, 0, 0, 0, 0, 0, 0, 0, 0];0
https://digitalocean.com;[0, 0, 0, 0, 0, 0, 0, 1, 0, 285, 0, 0, 0, 0, 0, 0, 0, 0, 0];0
https://w3schools.com;[0, 0, 0, 0, 0, 0, 0, 0, 0, 383, 0, 0, 0, 0, 0, 0, 1, 0, 0];0
https://medium.com;[0, 0, 0, 0, 0, 0, 0, 0, 0, 157, 0, 1, 0, 0, 0, 1, 0, 0, 1];0
https://jio.com;[0, 0, 0, 0, 0, 0, 0, 0, 1, 182, 0, 0, 0, 0, 0, 1, 0, 0, 1];0
https://cnn.com;[0, 0, 0, 0, 0, 0, 0, 1, 1, 448, 0, 1, 0, 0, 1, 0, 0, 0, 0];0
https://google.co.uk;[0, 0, 0, 0, 0, 0, 0, 1, 0, 26, 0, 1, 0, 0, 1, 0, 1, 0, 0];0
https://weather.com;[0, 0, 0, 0, 0, 0, 0, 1, 0, 233, 0, 0, 0, 0, 0, 0, 1, 0, 0];0
https://udemy.com;[0, 0, 0, 0, 0, 0, 0, 0, 0, 0, 1, 0, 0, 0, 0, 0, 1, 1, 0];0
https://gumtree.com;[0, 0, 0, 0, 0, 0, 0, 0, 1, 368, 0, 0, 0, 0, 0, 0, 0, 0, 0];0
https://missav.com;[0, 0, 0, 0, 0, 0, 0, 0, 0, 1, 0, 1, 0, 0, 1, 0, 1, 1, 0];0
https://amazon.ae;[0, 0, 0, 0, 0, 0, 1, 1, 1, 374, 0, 0, 0, 0, 0, 1, 0, 0, 0];0
https://quizlet.com;[0, 0, 0, 0, 0, 0, 0, 1, 0, 0, 1, 0, 0, 0, 0, 0, 1, 1, 1];0
https://archive.org;[0, 0, 0, 0, 0, 0, 0, 0, 0, 5, 0, 0, 0, 0, 0, 0, 1, 0, 0];0
https://intuit.com;[0, 0, 0, 0, 0, 0, 0, 0, 0, 259, 0, 1, 0, 0, 0, 1, 0, 0, 1];0
https://speedtest.net;[0, 0, 0, 0, 0, 0, 0, 0, 0, 115, 0, 0, 0, 0, 0, 1, 1, 0, 1];0
https://researchgate.net;[0, 0, 0, 0, 0, 0, 0, 1, 0, 45, 0, 1, 0, 0, 0, 1, 1, 0, 1];0
https://wetransfer.com;[0, 0, 0, 0, 0, 0, 0, 0, 0, 4, 0, 1, 0, 0, 0, 1, 1, 0, 1];0
https://vimeo.com;[0, 0, 0, 0, 0, 0, 0, 0, 0, 148, 0, 0, 0, 0, 0, 0, 0, 0, 1];0
https://chase.com;[0, 0, 0, 0, 0, 0, 0, 0, 0, 166, 0, 1, 0, 0, 0, 0, 0, 0, 0];0
https://binance.com;[0, 0, 0, 0, 0, 0, 0, 0, 0, 194, 0, 1, 0, 0, 0, 1, 1, 0, 1];0
https://walmart.com;[0, 0, 0, 0, 0, 0, 0, 0, 0, 89, 0, 1, 0, 0, 0, 1, 0, 0, 0];0
https://fflogs.com;[0, 0, 0, 0, 0, 0, 0, 0, 0, 500, 0, 0, 0, 0, 0, 1, 1, 0, 1];0
https://sciencedirect.com;[0, 0, 0, 0, 0, 0, 0, 0, 0, 0, 1, 0, 0, 0, 0, 0, 1, 1, 0];0
https://bytedance.net;[0, 0, 0, 0, 0, 0, 0, 0, 0, 7, 0, 1, 0, 0, 0, 1, 1, 0, 0];0
https://grammarly.com;[0, 0, 0, 0, 0, 0, 0, 1, 0, 158, 0, 1, 0, 0, 0, 0, 0, 0, 1];0
https://gamekee.com;[0, 0, 0, 0, 0, 0, 0, 1, 0, 4, 0, 1, 0, 0, 0, 1, 1, 1, 0];0
https://salesforce.com;[0, 0, 0, 0, 0, 0, 0, 0, 0, 60, 0, 1, 0, 0, 0, 0, 1, 0, 0];0
https://espn.com;[0, 0, 0, 0, 0, 0, 0, 1, 0, 234, 0, 1, 0, 0, 0, 1, 0, 0, 1];0
https://shutterstock.com;[0, 0, 0, 0, 0, 0, 0, 0, 0, 77, 0, 1, 0, 0, 0, 0, 0, 0, 1];0
https://zendesk.com;[0, 0, 0, 0, 0, 0, 0, 0, 0, 191, 0, 0, 0, 0, 0, 1, 0, 0, 1];0
https://reverso.net;[0, 0, 0, 0, 0, 0, 0, 0, 0, 70, 0, 1, 0, 0, 0, 1, 0, 0, 0];0
https://mozilla.org;[0, 0, 0, 0, 0, 0, 0, 0, 0, 176, 0, 0, 0, 0, 0, 1, 0, 0, 1];0
https://zillow.com;[0, 0, 0, 0, 0, 0, 0, 1, 0, 348, 0, 0, 0, 0, 0, 0, 0, 0, 0];0
https://amazon.ca;[0, 0, 0, 0, 0, 0, 1, 0, 0, 4, 0, 1, 0, 1, 0, 1, 0, 1, 0];0
https://yandex.com;[0, 0, 0, 0, 0, 0, 0, 1, 0, 26, 0, 1, 0, 0, 0, 1, 0, 0, 1];0
https://deviantart.com;[0, 0, 0, 0, 0, 0, 0, 0, 1, 273, 0, 1, 0, 0, 0, 1, 0, 0, 1];0
https://indiatimes.com;[0, 0, 0, 0, 0, 0, 0, 1, 0, 134, 0, 0, 0, 0, 0, 0, 0, 0, 0];0
https://hubspot.com;[0, 0, 0, 0, 0, 0, 0, 1, 0, 159, 0, 1, 0, 0, 0, 1, 0, 0, 1];0
https://stripe.com;[0, 0, 0, 0, 0, 0, 0, 0, 0, 560, 0, 0, 0, 0, 0, 1, 0, 0, 1];0
https://quillbot.com;[0, 0, 0, 0, 0, 0, 0, 0, 0, 0, 1, 0, 0, 0, 0, 0, 1, 1, 0];0
https://studocu.com;[0, 0, 0, 0, 0, 0, 0, 1, 1, 509, 0, 1, 0, 1, 0, 1, 1, 0, 1];0
https://dailymail.co.uk;[0, 0, 0, 0, 0, 0, 0, 1, 0, 2686, 0, 1, 0, 0, 0, 1, 0, 0, 0];0
https://amazon.es;[0, 0, 0, 0, 0, 0, 1, 1, 1, 382, 0, 0, 0, 0, 0, 1, 0, 0, 0];0
https://wcofun.net;[0, 0, 0, 0, 0, 0, 0, 0, 0, 0, 1, 0, 0, 0, 0, 0, 1, 1, 0];0
https://roudoduor.com;[0, 0, 0, 0, 0, 0, 0, 0, 0, 0, 1, 0, 0, 0, 0, 0, 1, 1, 0];0
https://pexels.com;[0, 0, 0, 0, 0, 0, 0, 0, 0, 0, 1, 0, 0, 0, 0, 0, 1, 1, 0];0
https://bytedance.net;[0, 0, 0, 0, 0, 0, 0, 0, 0, 7, 0, 1, 0, 0, 0, 1, 1, 0, 0];0
https://yuque.com;[0, 0, 0, 0, 0, 0, 0, 1, 0, 8, 0, 1, 0, 0, 0, 1, 1, 1, 1];0
https://samsung.com;[0, 0, 0, 0, 0, 0, 0, 0, 1, 364, 0, 0, 0, 0, 0, 0, 0, 0, 0];0
https://theguardian.com;[0, 0, 0, 0, 0, 0, 0, 0, 1, 463, 0, 1, 0, 0, 0, 1, 0, 0, 1];0
https://remove.bg;[0, 0, 0, 0, 0, 0, 0, 0, 0, 6, 0, 1, 0, 0, 1, 1, 1, 0, 0];0
https://bankofamerica.com;[0, 0, 0, 0, 0, 0, 0, 1, 1, 211, 0, 0, 0, 0, 0, 1, 1, 0, 1];0
https://diagrams.net;[0, 0, 0, 0, 0, 0, 0, 0, 0, 108, 0, 0, 0, 0, 0, 1, 1, 0, 0];0
https://greasyfork.org;[0, 0, 0, 0, 0, 0, 0, 0, 0, 4, 0, 0, 0, 0, 0, 1, 1, 0, 0];0
https://coinmarketcap.com;[0, 0, 0, 0, 0, 0, 0, 0, 0, 338, 0, 0, 0, 0, 0, 1, 0, 0, 0];0
https://cloudflare.com;[0, 0, 0, 0, 0, 0, 0, 1, 0, 268, 0, 0, 0, 0, 0, 0, 1, 0, 0];0
https://usatoday.com;[0, 0, 0, 0, 0, 0, 0, 0, 0, 65, 0, 0, 0, 0, 0, 0, 1, 0, 1];0
https://investing.com;[0, 0, 0, 0, 0, 0, 0, 0, 0, 1, 0, 1, 0, 0, 1, 0, 1, 1, 0];0
https://oracle.com;[0, 0, 0, 0, 0, 0, 0, 0, 0, 299, 0, 1, 0, 0, 0, 1, 1, 0, 0];0
https://shein.com;[0, 0, 0, 0, 0, 0, 0, 1, 0, 56, 0, 1, 0, 0, 0, 1, 0, 0, 0];0
https://blogger.com;[0, 0, 0, 0, 0, 0, 0, 0, 0, 60, 0, 1, 0, 0, 0, 1, 1, 0, 0];0
https://pixabay.com;[0, 0, 0, 0, 0, 0, 0, 0, 0, 0, 1, 0, 0, 0, 0, 0, 1, 1, 0];0
https://dropbox.com;[0, 0, 0, 0, 0, 0, 0, 0, 0, 203, 0, 1, 0, 0, 0, 1, 0, 0, 1];0
https://chess.com;[0, 0, 0, 0, 0, 0, 0, 0, 1, 60, 0, 1, 0, 0, 0, 0, 1, 0, 0];0
https://envato.com;[0, 0, 0, 0, 0, 0, 0, 0, 0, 114, 0, 1, 0, 0, 0, 0, 0, 0, 0];0
https://pinimg.com;[0, 0, 0, 0, 0, 0, 0, 0, 0, 26, 0, 1, 0, 0, 0, 0, 0, 1, 1];0
https://line.me;[0, 0, 0, 0, 0, 0, 0, 1, 0, 195, 0, 0, 0, 0, 0, 0, 0, 0, 0];0
https://noodlemagazine.com;[0, 0, 0, 0, 0, 0, 0, 1, 0, 8, 0, 0, 0, 0, 0, 0, 1, 0, 0];0
https://myworkday.com;[0, 0, 0, 0, 0, 0, 0, 0, 0, 13, 0, 0, 0, 0, 0, 1, 0, 0, 0];0
https://zara.com;[0, 0, 0, 0, 0, 0, 0, 0, 0, 0, 1, 0, 0, 0, 0, 0, 1, 1, 0];0
https://bbc.co.uk;[0, 0, 0, 0, 0, 0, 0, 0, 0, 271, 0, 1, 0, 0, 0, 0, 0, 0, 0];0
https://crunchyroll.com;[0, 0, 0, 0, 0, 0, 0, 0, 0, 0, 1, 0, 0, 0, 0, 0, 1, 1, 0];0
https://coursera.org;[0, 0, 0, 0, 0, 0, 0, 1, 0, 439, 0, 1, 0, 0, 0, 1, 0, 0, 1];0
https://unsplash.com;[0, 0, 0, 0, 0, 0, 0, 1, 0, 294, 0, 0, 0, 0, 0, 0, 1, 0, 0];0
https://amazon.com.mx;[0, 0, 0, 0, 0, 0, 1, 0, 0, 4, 0, 1, 0, 1, 0, 1, 0, 1, 0];0
https://soundcloud.com;[0, 0, 0, 0, 0, 0, 0, 0, 0, 19, 0, 1, 0, 0, 1, 1, 1, 0, 1];0
https://usbank.com;[0, 0, 0, 0, 0, 0, 0, 0, 0, 236, 0, 0, 0, 0, 0, 0, 1, 0, 0];0
https://scribd.com;[0, 0, 0, 0, 0, 0, 0, 1, 0, 111, 0, 1, 0, 0, 0, 1, 0, 0, 1];0
https://craigslist.org;[0, 0, 0, 0, 0, 0, 0, 0, 0, 359, 0, 1, 0, 0, 0, 0, 1, 0, 0];0
https://steampowered.com;[0, 0, 0, 0, 0, 0, 0, 0, 1, 548, 0, 1, 0, 0, 0, 1, 1, 0, 0];0
https://mangapark.net;[0, 0, 0, 0, 0, 0, 0, 0, 0, 431, 0, 0, 0, 0, 0, 0, 1, 0, 0];0
https://cengage.com;[0, 0, 0, 0, 0, 0, 0, 0, 0, 82, 0, 1, 0, 0, 1, 0, 0, 0, 0];0
https://asana.com;[0, 0, 0, 0, 0, 0, 0, 0, 0, 367, 0, 0, 0, 0, 0, 0, 1, 0, 0];0
https://www.gov.uk;[0, 0, 0, 0, 0, 0, 0, 0, 0, 118, 0, 0, 0, 0, 0, 0, 1, 0, 0];0
https://360doc.com;[0, 0, 0, 0, 0, 0, 0, 0, 0, 0, 1, 0, 0, 0, 0, 0, 1, 1, 0];0
https://dell.com;[0, 0, 0, 0, 0, 0, 0, 1, 0, 251, 0, 1, 0, 0, 0, 1, 0, 0, 0];0
https://target.com;[0, 0, 0, 0, 0, 0, 0, 1, 0, 134, 0, 1, 0, 0, 0, 0, 1, 0, 1];0
https://wikimedia.org;[0, 0, 0, 0, 0, 0, 0, 0, 0, 40, 0, 1, 0, 0, 0, 0, 1, 0, 1];0
https://shop.app;[0, 0, 0, 0, 0, 0, 0, 0, 0, 32, 0, 1, 0, 0, 0, 0, 1, 0, 0];0
https://wellsfargo.com;[0, 0, 0, 0, 0, 0, 0, 0, 1, 246, 0, 0, 0, 0, 0, 0, 0, 0, 1];0
https://googleadservices.com;[0, 0, 0, 0, 0, 0, 0, 0, 0, 1, 0, 1, 0, 0, 0, 0, 1, 1, 0];0
https://similarweb.com;[0, 0, 0, 0, 0, 0, 0, 0, 1, 219, 0, 0, 0, 0, 0, 1, 0, 0, 0];0
https://myanimelist.net;[0, 0, 0, 0, 0, 0, 0, 1, 0, 471, 0, 0, 0, 0, 0, 1, 1, 0, 1];0
https://hilton.com;[0, 0, 0, 0, 0, 0, 0, 1, 0, 60, 0, 1, 0, 1, 1, 0, 0, 0, 0];0
https://wix.com;[0, 0, 0, 0, 0, 0, 0, 1, 0, 229, 0, 1, 0, 0, 0, 1, 0, 0, 1];0
https://foxnews.com;[0, 0, 0, 0, 0, 0, 0, 0, 0, 861, 0, 1, 0, 0, 0, 1, 0, 0, 1];0
https://patreon.com;[0, 0, 0, 0, 0, 0, 0, 0, 0, 101, 0, 0, 0, 0, 0, 0, 0, 0, 1];0
https://reverso.net;[0, 0, 0, 0, 0, 0, 0, 0, 0, 70, 0, 1, 0, 0, 0, 1, 0, 0, 0];0
https://india.com;[0, 0, 0, 0, 0, 0, 0, 1, 1, 348, 0, 1, 0, 0, 0, 1, 1, 0, 1];0
https://digitalocean.com;[0, 0, 0, 0, 0, 0, 0, 1, 0, 285, 0, 0, 0, 0, 0, 0, 0, 0, 0];0
https://kakaku.com;[0, 0, 0, 0, 0, 0, 0, 0, 0, 337, 0, 1, 0, 0, 0, 1, 0, 0, 0];0
https://myworkday.com;[0, 0, 0, 0, 0, 0, 0, 0, 0, 13, 0, 0, 0, 0, 0, 1, 0, 0, 0];0
https://huawei.com;[0, 0, 0, 0, 0, 0, 0, 0, 0, 261, 0, 1, 0, 0, 0, 0, 0, 0, 0];0
https://geeksforgeeks.org;[0, 0, 0, 0, 0, 0, 0, 0, 0, 463, 0, 1, 0, 0, 0, 1, 1, 0, 1];0
https://docusign.com;[0, 0, 0, 0, 0, 0, 0, 0, 0, 177, 0, 1, 0, 0, 0, 0, 0, 0, 0];0
https://forbes.com;[0, 0, 0, 0, 0, 0, 0, 1, 0, 201, 0, 1, 0, 0, 1, 1, 0, 0, 1];0
https://wordpress.org;[0, 0, 0, 0, 0, 0, 0, 1, 0, 99, 0, 0, 0, 0, 0, 0, 1, 0, 1];0
https://bet365.com;[0, 0, 0, 0, 0, 0, 0, 1, 0, 4, 0, 1, 0, 0, 0, 0, 1, 1, 0];0
https://gogoanime.bid;[0, 0, 0, 0, 0, 0, 0, 0, 1, 828, 0, 0, 0, 0, 0, 1, 1, 0, 1];0
https://gitlab.com;[0, 0, 0, 0, 0, 0, 0, 1, 0, 129, 0, 0, 0, 0, 0, 0, 0, 0, 0];0
https://healthline.com;[0, 0, 0, 0, 0, 0, 0, 1, 0, 145, 0, 0, 0, 0, 0, 0, 0, 0, 1];0
https://google.co.th;[0, 0, 0, 0, 0, 0, 0, 1, 0, 30, 0, 1, 0, 0, 1, 0, 1, 0, 0];0
https://istockphoto.com;[0, 0, 0, 0, 0, 0, 0, 0, 0, 383, 0, 0, 0, 0, 0, 0, 0, 0, 0];0
https://etoro.com;[0, 0, 0, 0, 0, 0, 0, 0, 0, 0, 1, 0, 0, 0, 0, 0, 1, 0, 0];0
https://wiley.com;[0, 0, 0, 0, 0, 0, 0, 0, 0, 327, 0, 1, 0, 0, 0, 1, 1, 0, 0];0
https://irna.ir;[0, 0, 0, 0, 0, 0, 0, 0, 0, 0, 1, 0, 0, 0, 0, 1, 1, 1, 1];0
https://artstation.com;[0, 0, 0, 0, 0, 0, 0, 0, 0, 0, 1, 0, 0, 0, 0, 0, 1, 1, 0];0
https://cnbc.com;[0, 0, 0, 0, 0, 0, 0, 1, 0, 554, 0, 1, 0, 0, 0, 0, 1, 0, 0];0
https://peacocktv.com;[0, 0, 0, 0, 0, 0, 0, 0, 0, 32, 0, 0, 0, 0, 1, 1, 0, 0, 1];0
https://wowhead.com;[0, 0, 0, 0, 0, 0, 0, 0, 0, 131, 0, 0, 0, 0, 0, 1, 1, 0, 1];0
https://360doc.com;[0, 0, 0, 0, 0, 0, 0, 0, 0, 0, 1, 0, 0, 0, 0, 0, 1, 1, 0];0
https://goodreads.com;[0, 0, 0, 0, 0, 0, 0, 0, 0, 201, 0, 0, 0, 0, 0, 1, 0, 0, 0];0
https://ea.com;[0, 0, 0, 0, 0, 0, 0, 0, 0, 204, 0, 1, 0, 0, 0, 0, 1, 0, 0];0
https://oraclecloud.com;[0, 0, 0, 0, 0, 0, 0, 0, 0, 287, 0, 0, 0, 0, 0, 0, 0, 0, 1];0
https://gofile.io;[0, 0, 0, 0, 0, 0, 0, 1, 0, 24, 0, 0, 0, 0, 0, 0, 1, 0, 0];0
https://fast.com;[0, 0, 0, 0, 0, 0, 0, 0, 0, 41, 0, 0, 0, 0, 0, 0, 1, 0, 0];0
https://biblegateway.com;[0, 0, 0, 0, 0, 0, 0, 0, 0, 87, 0, 0, 0, 0, 0, 0, 0, 0, 0];0
https://shaggyselectmast.com;[0, 0, 0, 0, 0, 0, 0, 1, 0, 29, 0, 1, 0, 0, 1, 0, 1, 0, 0];0
https://google.com.tr;[0, 0, 0, 0, 0, 0, 0, 1, 0, 30, 0, 1, 0, 0, 1, 0, 1, 0, 0];0
https://office.com;[0, 0, 0, 0, 0, 0, 0, 0, 0, 205, 0, 1, 0, 0, 1, 1, 0, 0, 1];0
https://americanexpress.com;[0, 0, 0, 0, 0, 0, 0, 1, 1, 340, 0, 1, 0, 0, 0, 1, 0, 0, 0];0
https://springer.com;[0, 0, 0, 0, 0, 0, 0, 0, 0, 89, 0, 0, 0, 0, 0, 0, 0, 0, 0];0
https://usaa.com;[0, 0, 0, 0, 0, 0, 0, 0, 0, 82, 0, 0, 0, 0, 0, 0, 1, 0, 0];0
https://capitalone.com;[0, 0, 0, 0, 0, 0, 0, 1, 1, 98, 0, 1, 0, 0, 0, 0, 0, 0, 0];0
https://homedepot.com;[0, 0, 0, 0, 0, 0, 0, 0, 0, 0, 1, 0, 0, 0, 0, 0, 1, 1, 0];0
https://sahibinden.com;[0, 0, 0, 0, 0, 0, 0, 0, 0, 0, 1, 0, 0, 0, 0, 0, 1, 1, 0];0
https://erome.com;[0, 0, 0, 0, 0, 0, 0, 0, 0, 16, 0, 1, 0, 0, 0, 1, 1, 0, 0];0
https://supjav.com;[0, 0, 0, 0, 0, 0, 0, 0, 0, 0, 1, 0, 0, 0, 0, 0, 1, 1, 0];0
https://service-now.com;[0, 1, 0, 0, 0, 0, 0, 1, 0, 449, 0, 0, 0, 0, 0, 0, 1, 0, 1];0
https://genius.com;[0, 0, 0, 0, 0, 0, 0, 1, 0, 158, 0, 0, 0, 0, 0, 0, 0, 0, 0];0
https://npmjs.com;[0, 0, 0, 0, 0, 0, 0, 0, 0, 28, 0, 0, 0, 0, 0, 1, 1, 0, 1];0
https://adp.com;[0, 0, 0, 0, 0, 0, 0, 0, 0, 302, 0, 0, 0, 0, 0, 0, 1, 0, 0];0
https://nudgeworry.com;[0, 0, 0, 0, 0, 0, 0, 1, 0, 29, 0, 1, 0, 0, 1, 0, 1, 1, 0];0
https://dribbble.com;[0, 0, 0, 0, 0, 0, 0, 1, 0, 466, 0, 0, 0, 0, 0, 1, 0, 0, 1];0
https://sourceforge.net;[0, 0, 0, 0, 0, 0, 0, 1, 0, 170, 0, 0, 0, 0, 0, 1, 0, 0, 1];0
https://solemnvine.com;[0, 0, 0, 0, 0, 0, 0, 1, 0, 29, 0, 1, 0, 0, 1, 0, 1, 1, 0];0
https://hostinger.com;[0, 0, 0, 0, 0, 0, 0, 0, 0, 261, 0, 1, 0, 0, 0, 0, 0, 0, 0];0
https://marca.com;[0, 0, 0, 0, 0, 0, 0, 0, 0, 701, 0, 1, 0, 0, 0, 1, 1, 0, 1];0
https://dlsite.com;[0, 0, 0, 0, 0, 0, 0, 0, 0, 257, 0, 0, 0, 0, 0, 0, 0, 0, 0];0
https://sweepfrequencydissolved.com;[0, 0, 0, 0, 0, 0, 0, 1, 0, 31, 0, 1, 0, 0, 1, 0, 1, 0, 0];0
https://pearson.com;[0, 0, 0, 0, 0, 0, 0, 0, 0, 150, 0, 1, 0, 0, 0, 0, 1, 0, 0];0
https://mydramalist.com;[0, 0, 0, 0, 0, 0, 0, 0, 0, 391, 0, 0, 0, 0, 0, 1, 1, 0, 0];0
https://business.site;[0, 0, 0, 0, 0, 0, 0, 0, 0, 81, 0, 1, 0, 0, 0, 1, 1, 0, 0];0
https://brainly.com;[0, 0, 0, 0, 0, 0, 0, 0, 0, 3, 0, 1, 0, 0, 0, 0, 1, 0, 0];0
https://vjav.com;[0, 0, 0, 0, 0, 0, 0, 0, 0, 89, 0, 0, 0, 0, 0, 0, 1, 0, 0];0
https://glosbe.com;[0, 0, 0, 0, 0, 0, 0, 0, 0, 62, 0, 0, 0, 0, 0, 0, 1, 0, 0];0
https://gotowebinar.com;[0, 0, 0, 0, 0, 0, 0, 1, 0, 190, 0, 0, 0, 0, 0, 0, 1, 0, 0];0
https://mercadolibre.com.mx;[0, 0, 0, 0, 0, 0, 0, 1, 1, 225, 0, 1, 0, 0, 0, 1, 1, 0, 1];0
https://oneindia.com;[0, 0, 0, 0, 0, 0, 0, 0, 1, 709, 0, 1, 0, 0, 0, 1, 1, 0, 0];0
https://themeforest.net;[0, 0, 0, 0, 0, 0, 0, 0, 0, 620, 0, 0, 0, 0, 0, 1, 0, 0, 1];0
https://feignthat.com;[0, 0, 0, 0, 0, 0, 0, 1, 0, 29, 0, 1, 0, 0, 1, 0, 1, 1, 0];0
https://aliyuncs.com;[0, 0, 0, 0, 0, 0, 0, 0, 0, 0, 1, 0, 0, 0, 0, 0, 1, 1, 0];0
https://taboola.com;[0, 0, 0, 0, 0, 0, 0, 1, 0, 115, 0, 1, 0, 0, 0, 1, 1, 0, 1];0
https://chapmanganato.com;[0, 0, 0, 0, 0, 0, 0, 0, 0, 22, 0, 0, 0, 0, 0, 1, 0, 0, 0];0
https://softonic.com;[0, 0, 0, 0, 0, 0, 0, 1, 1, 1007, 0, 1, 0, 0, 0, 1, 0, 0, 1];0
https://hkvisa.net;[0, 0, 0, 0, 0, 0, 0, 0, 0, 10, 0, 1, 0, 0, 0, 0, 1, 1, 0];0
https://wikihow.com;[0, 0, 0, 0, 0, 0, 0, 1, 0, 390, 0, 0, 0, 0, 0, 0, 0, 0, 0];0
https://trendyol.com;[0, 0, 0, 0, 0, 0, 0, 0, 0, 251, 0, 1, 0, 0, 0, 1, 1, 0, 0];0
https://equitydefault.com;[0, 0, 0, 0, 0, 0, 0, 1, 0, 29, 0, 1, 0, 0, 1, 0, 1, 0, 0];0
https://colamanhua.com;[0, 0, 0, 0, 0, 0, 0, 0, 0, 0, 1, 0, 0, 0, 0, 0, 1, 1, 0];0
https://skype.com;[0, 0, 0, 0, 0, 0, 0, 0, 0, 124, 0, 1, 0, 0, 1, 1, 1, 0, 1];0
https://naukri.com;[0, 0, 0, 0, 0, 0, 0, 0, 0, 9, 0, 1, 0, 0, 0, 1, 1, 1, 0];0
https://google.fr;[0, 0, 0, 0, 0, 0, 0, 1, 0, 30, 0, 1, 0, 0, 1, 0, 1, 0, 0];0
https://messenger.com;[0, 0, 0, 0, 0, 0, 0, 0, 0, 6, 0, 1, 0, 0, 0, 1, 1, 0, 1];0
https://yelp.com;[0, 0, 0, 0, 0, 0, 0, 0, 0, 91, 0, 1, 0, 0, 0, 0, 0, 0, 1];0
https://docker.com;[0, 0, 0, 0, 0, 0, 0, 1, 0, 214, 0, 0, 0, 0, 0, 1, 0, 0, 1];0
https://softpedia.com;[0, 0, 0, 0, 0, 0, 0, 0, 0, 0, 1, 0, 0, 0, 0, 0, 1, 1, 0];0
https://excretekings.com;[0, 0, 0, 0, 0, 0, 0, 1, 0, 29, 0, 1, 0, 0, 1, 0, 1, 1, 0];0
https://xiaomi.com;[0, 0, 0, 0, 0, 0, 0, 0, 0, 119, 0, 1, 0, 0, 0, 1, 0, 0, 1];0
https://icicibank.com;[0, 0, 0, 0, 0, 0, 0, 0, 0, 1589, 0, 1, 0, 0, 0, 0, 1, 0, 0];0
https://ign.com;[0, 0, 0, 0, 0, 0, 0, 1, 0, 356, 0, 1, 0, 0, 0, 0, 0, 0, 0];0
https://wise.com;[0, 0, 0, 0, 0, 0, 0, 1, 0, 320, 0, 0, 0, 0, 0, 0, 0, 0, 0];0
https://mheducation.com;[0, 0, 0, 0, 0, 0, 0, 0, 0, 132, 0, 1, 0, 0, 0, 0, 1, 0, 0];0
https://4chan.org;[0, 0, 0, 0, 0, 0, 0, 0, 0, 0, 1, 0, 0, 0, 0, 0, 1, 1, 0];0
https://booking.com;[0, 0, 0, 0, 0, 0, 0, 1, 1, 285, 0, 0, 0, 0, 0, 1, 0, 0, 1];0
https://discordapp.com;[0, 0, 0, 0, 0, 0, 0, 0, 0, 58, 0, 0, 0, 0, 0, 0, 1, 0, 0];0
https://arxiv.org;[0, 0, 0, 0, 0, 0, 0, 0, 0, 270, 0, 0, 0, 0, 0, 1, 1, 0, 1];0
https://for-j.com;[0, 1, 0, 0, 0, 0, 0, 0, 0, 80, 0, 0, 0, 0, 0, 1, 1, 1, 0];0
https://naveljutmistress.com;[0, 0, 0, 0, 0, 0, 0, 1, 0, 29, 0, 1, 0, 0, 1, 0, 1, 0, 0];0
https://php.net;[0, 0, 0, 0, 0, 0, 0, 0, 0, 251, 0, 1, 0, 0, 0, 0, 0, 0, 1];0
https://academia.edu;[0, 0, 0, 0, 0, 0, 0, 0, 0, 451, 0, 1, 0, 0, 0, 1, 1, 0, 1];0
https://convertio.co;[0, 0, 0, 0, 0, 0, 0, 1, 0, 48, 0, 0, 0, 0, 0, 1, 0, 0, 1];0
https://habr.com;[0, 0, 0, 0, 0, 0, 0, 0, 0, 263, 0, 0, 0, 0, 0, 1, 1, 0, 1];0
https://gumroad.com;[0, 0, 0, 0, 0, 0, 0, 0, 1, 152, 0, 1, 0, 0, 0, 1, 1, 0, 1];0
https://news18.com;[0, 0, 0, 0, 0, 0, 0, 1, 0, 852, 0, 1, 0, 0, 0, 0, 0, 0, 1];0
https://stackexchange.com;[0, 0, 0, 0, 0, 0, 0, 0, 0, 419, 0, 1, 0, 0, 0, 1, 0, 0, 1];0
https://aliexpress.us;[0, 0, 0, 0, 0, 0, 1, 1, 0, 36, 0, 1, 0, 0, 0, 1, 1, 0, 1];0
https://ampproject.org;[0, 0, 0, 0, 0, 0, 0, 1, 0, 105, 0, 1, 0, 0, 0, 0, 0, 0, 0];0
https://archiveofourown.org;[0, 0, 0, 0, 0, 0, 0, 1, 0, 77, 0, 0, 0, 0, 0, 0, 1, 0, 0];0
https://redd.it;[0, 0, 0, 0, 0, 0, 0, 1, 0, 195, 0, 0, 0, 0, 0, 0, 1, 0, 1];0
https://fedex.com;[0, 0, 0, 0, 0, 0, 0, 1, 1, 322, 0, 1, 0, 0, 0, 1, 0, 0, 1];0
https://t66y.com;[0, 0, 0, 0, 0, 0, 0, 0, 0, 3, 0, 0, 0, 0, 1, 0, 1, 0, 0];0
https://kuaikanmanhua.com;[0, 0, 0, 0, 0, 0, 0, 1, 0, 407, 0, 0, 0, 0, 0, 1, 0, 1, 1];0
https://google.co.id;[0, 0, 0, 0, 0, 0, 0, 1, 0, 30, 0, 1, 0, 0, 1, 0, 1, 0, 0];0
https://bitbucket.org;[0, 0, 0, 0, 0, 0, 0, 1, 1, 126, 0, 1, 0, 0, 0, 1, 1, 0, 1];0
https://study.com;[0, 0, 0, 0, 0, 0, 0, 0, 0, 920, 0, 0, 0, 0, 0, 0, 0, 0, 0];0
https://atlassian.com;[0, 0, 0, 0, 0, 0, 0, 1, 1, 194, 0, 0, 0, 0, 0, 1, 0, 0, 0];0
https://payoneer.com;[0, 0, 0, 0, 0, 0, 0, 1, 0, 341, 0, 1, 0, 0, 0, 0, 0, 0, 1];0
https://discord.com;[0, 0, 0, 0, 0, 0, 0, 0, 0, 58, 0, 0, 0, 0, 0, 0, 1, 0, 0];0
https://bseindia.com;[0, 0, 0, 0, 0, 0, 0, 0, 0, 188, 0, 0, 0, 0, 0, 0, 1, 0, 0];0
https://smallpdf.com;[0, 0, 0, 0, 0, 0, 0, 1, 0, 161, 0, 0, 0, 0, 0, 1, 0, 0, 0];0
https://weather.com;[0, 0, 0, 0, 0, 0, 0, 1, 0, 233, 0, 0, 0, 0, 0, 0, 1, 0, 0];0
https://hulu.com;[0, 0, 0, 0, 0, 0, 0, 0, 0, 0, 1, 0, 0, 0, 0, 0, 1, 1, 0];0
https://acesso.gov.br;[0, 0, 0, 0, 0, 0, 0, 0, 0, 5, 0, 0, 0, 0, 0, 1, 1, 0, 0];0
https://ctfile.com;[0, 0, 0, 0, 0, 0, 0, 0, 0, 64, 0, 1, 0, 0, 0, 1, 1, 1, 1];0
https://redbubble.com;[0, 0, 0, 0, 0, 0, 0, 0, 0, 0, 1, 0, 0, 0, 0, 0, 1, 1, 0];0
https://target.com;[0, 0, 0, 0, 0, 0, 0, 1, 0, 134, 0, 1, 0, 0, 0, 0, 1, 0, 1];0
https://steamcommunity.com;[0, 0, 0, 0, 0, 0, 0, 0, 0, 134, 0, 1, 0, 0, 0, 1, 1, 0, 0];0
https://python.org;[0, 0, 0, 0, 0, 0, 0, 0, 0, 216, 0, 0, 0, 0, 0, 1, 1, 0, 0];0
https://namecheap.com;[0, 0, 0, 0, 0, 0, 0, 1, 1, 282, 0, 1, 0, 0, 0, 1, 0, 0, 1];0
https://tragicbeyond.com;[0, 0, 0, 0, 0, 0, 0, 1, 0, 29, 0, 1, 0, 0, 1, 0, 1, 1, 0];0
https://bing.com;[0, 0, 0, 0, 0, 0, 0, 1, 0, 36, 0, 0, 0, 0, 0, 0, 1, 0, 0];0
https://ibm.com;[0, 0, 0, 0, 0, 0, 0, 0, 0, 86, 0, 1, 0, 0, 0, 1, 0, 0, 0];0
https://google.co.th;[0, 0, 0, 0, 0, 0, 0, 1, 0, 30, 0, 1, 0, 0, 1, 0, 1, 0, 0];0
https://nike.com;[0, 0, 0, 0, 0, 0, 0, 1, 0, 483, 0, 1, 0, 0, 0, 1, 0, 0, 1];0
https://hbomax.com;[0, 0, 0, 0, 0, 0, 0, 0, 0, 157, 0, 0, 0, 0, 0, 0, 0, 0, 0];0
https://irs.gov;[0, 0, 0, 0, 0, 0, 0, 0, 0, 304, 0, 0, 0, 0, 0, 0, 1, 0, 0];0
https://google.com.sa;[0, 0, 0, 0, 0, 0, 0, 1, 0, 30, 0, 1, 0, 0, 1, 0, 1, 0, 0];0
https://tnaflix.com;[0, 0, 0, 0, 0, 0, 0, 0, 1, 369, 0, 0, 0, 0, 0, 1, 1, 0, 0];0
https://instagram.com/;[0, 0, 0, 0, 0, 0, 0, 1, 0, 7, 0, 1, 0, 0, 0, 1, 1, 0, 1];0
https://ouo.io;[0, 0, 0, 0, 0, 0, 0, 0, 0, 25, 0, 0, 0, 0, 0, 0, 1, 0, 0];0
https://boredpanda.com;[0, 0, 0, 0, 0, 0, 0, 0, 1, 379, 0, 1, 0, 0, 0, 1, 0, 0, 1];0
https://miro.com;[0, 0, 0, 0, 0, 0, 0, 1, 0, 253, 0, 0, 0, 0, 0, 1, 1, 0, 1];0
https://google.com.my;[0, 0, 0, 0, 0, 0, 0, 1, 0, 30, 0, 1, 0, 0, 1, 0, 1, 0, 0];0
https://uber.com;[0, 0, 0, 0, 0, 0, 0, 0, 0, 0, 1, 0, 0, 0, 0, 0, 1, 1, 0];0
https://bitly.com;[0, 0, 0, 0, 0, 0, 0, 0, 0, 149, 0, 0, 0, 0, 0, 1, 0, 0, 1];0
https://pinggu.org;[0, 0, 0, 0, 0, 0, 0, 1, 1, 741, 0, 1, 0, 0, 0, 1, 1, 1, 0];0
https://box.com;[0, 0, 0, 0, 0, 0, 0, 1, 0, 177, 0, 0, 0, 0, 0, 1, 0, 0, 0];0
https://mailchimp.com;[0, 0, 0, 0, 0, 0, 0, 0, 0, 271, 0, 0, 0, 0, 0, 0, 1, 0, 0];0
https://trustpilot.com;[0, 0, 0, 0, 0, 0, 0, 0, 0, 358, 0, 1, 0, 0, 0, 1, 0, 0, 1];0
https://123rf.com;[0, 0, 0, 0, 0, 0, 0, 0, 0, 230, 0, 1, 0, 0, 0, 1, 0, 0, 1];0
https://digitalocean.com;[0, 0, 0, 0, 0, 0, 0, 1, 0, 285, 0, 0, 0, 0, 0, 0, 0, 0, 0];0
https://nextdoor.com;[0, 0, 0, 0, 0, 0, 0, 0, 0, 8, 0, 1, 0, 0, 0, 1, 1, 0, 1];0
https://intel.com;[0, 0, 0, 0, 0, 0, 0, 0, 0, 94, 0, 1, 0, 0, 0, 0, 0, 0, 0];0
https://mastercard.com;[0, 0, 0, 0, 0, 0, 0, 0, 0, 0, 1, 0, 0, 0, 0, 0, 1, 1, 0];0
https://cloudways.com;[0, 0, 0, 0, 0, 0, 0, 1, 0, 154, 0, 1, 0, 0, 0, 1, 0, 0, 1];0
https://google.com.br;[0, 0, 0, 0, 0, 0, 0, 1, 0, 30, 0, 1, 0, 0, 1, 0, 1, 0, 0];0
https://ero-labs.site;[0, 1, 0, 0, 0, 0, 0, 0, 0, 2, 0, 1, 0, 1, 0, 0, 1, 1, 0];0
https://wowhead.com;[0, 0, 0, 0, 0, 0, 0, 0, 0, 131, 0, 0, 0, 0, 0, 1, 1, 0, 1];0
https://kugou.com;[0, 0, 0, 0, 0, 0, 0, 0, 0, 545, 0, 1, 0, 0, 0, 1, 0, 1, 1];0
https://merriam-webster.com;[0, 1, 0, 0, 0, 0, 0, 1, 0, 197, 0, 0, 0, 0, 0, 0, 0, 0, 0];0
https://flaticon.com;[0, 0, 0, 0, 0, 0, 0, 0, 1, 169, 0, 1, 0, 0, 0, 1, 0, 0, 1];0
https://lenovo.com;[0, 0, 0, 0, 0, 0, 0, 0, 1, 574, 0, 0, 0, 0, 0, 1, 1, 0, 0];0
https://archive.org;[0, 0, 0, 0, 0, 0, 0, 0, 0, 5, 0, 0, 0, 0, 0, 0, 1, 0, 0];0
https://itch.io;[0, 0, 0, 0, 0, 0, 0, 0, 0, 338, 0, 0, 0, 0, 0, 1, 0, 0, 0];0
https://m-team.cc;[0, 1, 0, 0, 0, 0, 0, 0, 0, 5, 0, 1, 0, 0, 1, 0, 1, 0, 0];0
https://calendly.com;[0, 0, 0, 0, 0, 0, 0, 1, 0, 203, 0, 0, 0, 0, 0, 0, 0, 0, 1];0
https://acs.org;[0, 0, 0, 0, 0, 0, 0, 0, 1, 175, 0, 1, 0, 0, 0, 1, 1, 0, 1];0
https://mit.edu;[0, 0, 0, 0, 0, 0, 0, 0, 0, 78, 0, 0, 0, 0, 0, 0, 1, 0, 0];0
https://oraclecloud.com;[0, 0, 0, 0, 0, 0, 0, 0, 0, 287, 0, 0, 0, 0, 0, 0, 0, 0, 1];0
https://onelogin.com;[0, 0, 0, 0, 0, 0, 0, 1, 0, 168, 0, 0, 0, 0, 0, 0, 1, 0, 0];0
https://moviesmod.net;[0, 0, 0, 0, 0, 0, 0, 0, 1, 226, 0, 1, 0, 0, 0, 1, 1, 0, 1];0
https://codepen.io;[0, 0, 0, 0, 0, 0, 0, 0, 0, 0, 1, 0, 0, 0, 0, 0, 1, 1, 0];0
https://cricbuzz.com;[0, 0, 0, 0, 0, 0, 0, 0, 0, 254, 0, 0, 0, 0, 0, 0, 0, 0, 0];0
https://nature.com;[0, 0, 0, 0, 0, 0, 0, 0, 0, 174, 0, 1, 0, 0, 0, 0, 0, 0, 0];0
https://rutracker.org;[0, 0, 0, 0, 0, 0, 0, 0, 1, 590, 0, 0, 0, 0, 0, 1, 1, 0, 0];0
https://namecheap.com;[0, 0, 0, 0, 0, 0, 0, 1, 1, 282, 0, 1, 0, 0, 0, 1, 0, 0, 1];0
https://proton.me;[0, 0, 0, 0, 0, 0, 0, 1, 0, 178, 0, 0, 0, 0, 0, 0, 1, 0, 0];0
https://ero-labs.site;[0, 1, 0, 0, 0, 0, 0, 0, 0, 2, 0, 1, 0, 1, 0, 0, 1, 1, 0];0
https://issuu.com;[0, 0, 0, 0, 0, 0, 0, 0, 0, 177, 0, 0, 0, 0, 0, 1, 0, 0, 0];0
https://clarivate.com;[0, 0, 0, 0, 0, 0, 0, 0, 0, 345, 0, 0, 0, 0, 0, 0, 0, 0, 0];0
https://freebitco.in;[0, 0, 0, 0, 0, 0, 0, 1, 0, 56, 0, 1, 0, 0, 0, 1, 1, 0, 1];0
https://investopedia.com;[0, 0, 0, 0, 0, 0, 0, 1, 0, 241, 0, 1, 0, 0, 0, 0, 0, 0, 0];0
https://harvard.edu;[0, 0, 0, 0, 0, 0, 0, 0, 0, 188, 0, 1, 0, 0, 0, 1, 0, 0, 1];0
https://lavanguardia.com;[0, 0, 0, 0, 0, 0, 0, 1, 1, 388, 0, 1, 0, 0, 0, 1, 0, 0, 1];0
https://wibmo.com;[0, 0, 0, 0, 0, 0, 0, 1, 1, 152, 0, 1, 0, 0, 0, 1, 0, 0, 1];0
https://wiktionary.org;[0, 0, 0, 0, 0, 0, 0, 1, 1, 189, 0, 1, 0, 0, 0, 0, 1, 0, 0];0
https://xbox.com;[0, 0, 0, 0, 0, 0, 0, 0, 0, 0, 1, 0, 0, 0, 0, 0, 1, 1, 0];0
https://rmdown.com;[0, 0, 0, 0, 0, 0, 0, 0, 1, 2, 0, 0, 0, 0, 0, 0, 1, 0, 0];0
https://gamespot.com;[0, 0, 0, 0, 0, 0, 0, 0, 0, 301, 0, 0, 0, 0, 0, 1, 0, 0, 1];0
https://ngui.cc;[0, 0, 0, 0, 0, 0, 0, 0, 0, 0, 1, 0, 0, 0, 0, 0, 1, 1, 0];0
https://webpkgcache.com;[0, 0, 0, 0, 0, 0, 0, 0, 1, 295, 0, 0, 0, 0, 0, 1, 1, 0, 1];0
https://google.pl;[0, 0, 0, 0, 0, 0, 0, 1, 0, 30, 0, 1, 0, 0, 1, 0, 1, 0, 0];0
https://cnbc.com;[0, 0, 0, 0, 0, 0, 0, 1, 0, 554, 0, 1, 0, 0, 0, 0, 1, 0, 0];0
https://google.pl;[0, 0, 0, 0, 0, 0, 0, 1, 0, 30, 0, 1, 0, 0, 1, 0, 1, 0, 0];0
https://gsmarena.com;[0, 0, 0, 0, 0, 0, 0, 0, 1, 255, 0, 0, 0, 0, 0, 1, 1, 0, 1];0
https://fapello.com;[0, 0, 0, 0, 0, 0, 0, 0, 0, 165, 0, 0, 0, 0, 0, 0, 1, 0, 0];0
https://hdtoday.tv;[0, 0, 0, 0, 0, 0, 0, 0, 0, 24, 0, 0, 0, 0, 0, 1, 0, 0, 1];0
https://google.com.au;[0, 0, 0, 0, 0, 0, 0, 1, 0, 30, 0, 1, 0, 0, 1, 0, 1, 0, 0];0
https://civitai.com;[0, 0, 0, 0, 0, 0, 0, 0, 0, 30, 0, 0, 0, 0, 0, 0, 0, 0, 0];0
https://futbin.com;[0, 0, 0, 0, 0, 0, 0, 0, 0, 0, 1, 0, 0, 0, 0, 0, 1, 1, 0];0
https://ca.gov;[0, 0, 0, 0, 0, 0, 0, 0, 0, 59, 0, 1, 0, 0, 0, 1, 1, 0, 0];0
https://flaticon.com;[0, 0, 0, 0, 0, 0, 0, 0, 1, 169, 0, 1, 0, 0, 0, 1, 0, 0, 1];0
https://opensea.io;[0, 0, 0, 0, 0, 0, 0, 1, 0, 5, 0, 1, 0, 0, 0, 0, 1, 1, 0];0
https://hbomax.com;[0, 0, 0, 0, 0, 0, 0, 0, 0, 157, 0, 0, 0, 0, 0, 0, 0, 0, 0];0
https://drctcldfa.com;[0, 0, 0, 0, 0, 0, 0, 1, 0, 29, 0, 1, 0, 0, 1, 0, 1, 1, 0];0
https://motherless.com;[0, 0, 0, 0, 0, 0, 0, 0, 0, 1274, 0, 0, 0, 0, 0, 1, 0, 0, 0];0
https://unrealengine.com;[0, 0, 0, 0, 0, 0, 0, 0, 0, 237, 0, 0, 0, 0, 0, 1, 1, 0, 0];0
https://123rf.com;[0, 0, 0, 0, 0, 0, 0, 0, 0, 230, 0, 1, 0, 0, 0, 1, 0, 0, 1];0
https://diagrams.net;[0, 0, 0, 0, 0, 0, 0, 0, 0, 108, 0, 0, 0, 0, 0, 1, 1, 0, 0];0
https://state.gov;[0, 0, 0, 0, 0, 0, 0, 0, 1, 283, 0, 1, 0, 0, 0, 1, 1, 0, 1];0
https://apache.org;[0, 0, 0, 0, 0, 0, 0, 0, 0, 496, 0, 1, 0, 0, 1, 0, 0, 0, 0];0
https://imagetwist.com;[0, 0, 0, 0, 0, 0, 0, 0, 0, 29, 0, 0, 0, 0, 0, 1, 0, 0, 0];0
https://huggingface.co;[0, 0, 0, 0, 0, 0, 0, 0, 0, 82, 0, 0, 0, 0, 0, 1, 1, 0, 0];0
https://wsj.com;[0, 0, 0, 0, 0, 0, 0, 1, 1, 672, 0, 1, 0, 0, 0, 0, 1, 0, 1];0
https://mdpi.com;[0, 0, 0, 0, 0, 0, 0, 1, 0, 760, 0, 0, 0, 0, 0, 1, 0, 0, 1];0
https://boyfriendtv.com;[0, 0, 0, 0, 0, 0, 0, 0, 1, 890, 0, 0, 0, 0, 0, 1, 0, 0, 1];0
https://rollingstone.com;[0, 0, 0, 0, 0, 0, 0, 1, 1, 318, 0, 1, 0, 0, 0, 1, 0, 0, 1];0
https://chrome.com;[0, 0, 0, 0, 0, 0, 0, 1, 0, 175, 0, 0, 0, 0, 0, 1, 0, 0, 0];0
https://thesaurus.com;[0, 0, 0, 0, 0, 0, 0, 0, 0, 110, 0, 1, 0, 0, 0, 0, 1, 0, 0];0
https://lenovo.com;[0, 0, 0, 0, 0, 0, 0, 0, 1, 574, 0, 0, 0, 0, 0, 1, 1, 0, 0];0
https://wayfair.com;[0, 0, 0, 0, 0, 0, 0, 0, 0, 9, 0, 1, 0, 0, 0, 1, 1, 0, 1];0
https://donmai.us;[0, 0, 0, 0, 0, 0, 0, 0, 0, 0, 1, 0, 0, 0, 0, 0, 1, 1, 0];0
https://goal.com;[0, 0, 0, 0, 0, 0, 0, 0, 0, 441, 0, 0, 0, 0, 0, 0, 1, 0, 0];0
https://google.com.eg;[0, 0, 0, 0, 0, 0, 0, 1, 0, 30, 0, 1, 0, 0, 1, 0, 1, 0, 0];0
https://monday.com;[0, 0, 0, 0, 0, 0, 0, 0, 1, 354, 0, 0, 0, 0, 0, 0, 0, 0, 0];0
https://bravetense.com;[0, 0, 0, 0, 0, 0, 0, 1, 0, 29, 0, 1, 0, 0, 1, 0, 1, 0, 0];0
https://asurascans.com;[0, 0, 0, 0, 0, 0, 0, 0, 0, 0, 1, 0, 0, 0, 0, 0, 1, 1, 0];0
https://espncricinfo.com;[0, 0, 0, 0, 0, 0, 0, 0, 0, 371, 0, 0, 0, 0, 0, 1, 1, 0, 1];0
https://infobae.com;[0, 0, 0, 0, 0, 0, 0, 0, 0, 360, 0, 0, 0, 0, 0, 0, 0, 0, 0];0
https://poki.com;[0, 0, 0, 0, 0, 0, 0, 0, 0, 480, 0, 1, 0, 0, 0, 0, 0, 0, 1];0
https://tt1069.com;[0, 0, 0, 0, 0, 0, 0, 0, 0, 51, 0, 0, 0, 0, 0, 0, 1, 1, 0];0
https://canva.com;[0, 0, 0, 0, 0, 0, 0, 0, 0, 0, 1, 0, 0, 0, 0, 0, 1, 1, 0];0
https://nypost.com;[0, 0, 0, 0, 0, 0, 0, 1, 0, 655, 0, 0, 0, 0, 0, 1, 0, 0, 0];0
https://qualtrics.com;[0, 0, 0, 0, 0, 0, 0, 0, 0, 609, 0, 0, 0, 0, 0, 1, 1, 0, 0];0
https://washingtonpost.com;[0, 0, 0, 0, 0, 0, 0, 0, 0, 512, 0, 1, 0, 0, 1, 0, 0, 0, 1];0
https://squarespace.com;[0, 0, 0, 0, 0, 0, 0, 1, 0, 316, 0, 0, 0, 0, 0, 1, 1, 0, 1];0
https://reverso.net;[0, 0, 0, 0, 0, 0, 0, 0, 0, 70, 0, 1, 0, 0, 0, 1, 0, 0, 0];0
https://freepikcompany.com;[0, 0, 0, 0, 0, 0, 0, 0, 0, 85, 0, 0, 0, 0, 0, 0, 0, 0, 0];0
https://ebay.co.uk;[0, 0, 0, 0, 0, 0, 0, 1, 1, 451, 0, 1, 0, 0, 0, 1, 0, 0, 1];0
https://as.com;[0, 0, 0, 0, 0, 0, 0, 0, 0, 1184, 0, 0, 0, 0, 0, 0, 1, 0, 0];0
https://playstation.com;[0, 0, 0, 0, 0, 0, 0, 0, 0, 226, 0, 1, 0, 0, 0, 1, 1, 0, 1];0
https://kucoin.com;[0, 0, 0, 0, 0, 0, 0, 1, 0, 258, 0, 1, 0, 0, 0, 1, 0, 0, 1];0
https://lazada.com.ph;[0, 0, 0, 0, 0, 0, 0, 0, 0, 1540, 0, 1, 0, 0, 0, 1, 0, 0, 1];0
https://rumble.com;[0, 0, 0, 0, 0, 0, 0, 1, 0, 113, 0, 0, 0, 0, 0, 0, 0, 0, 0];0
https://hanime1.me;[0, 0, 0, 0, 0, 0, 0, 0, 0, 0, 1, 0, 0, 0, 0, 0, 1, 1, 0];0
https://moneycontrol.com;[0, 0, 0, 0, 0, 0, 0, 0, 0, 8, 0, 1, 0, 0, 0, 1, 1, 0, 0];0
https://nature.com;[0, 0, 0, 0, 0, 0, 0, 0, 0, 174, 0, 1, 0, 0, 0, 0, 0, 0, 0];0
https://php.net;[0, 0, 0, 0, 0, 0, 0, 0, 0, 251, 0, 1, 0, 0, 0, 0, 0, 0, 1];0
https://britannica.com;[0, 0, 0, 0, 0, 0, 0, 0, 0, 318, 0, 0, 0, 0, 0, 1, 0, 0, 0];0
https://notion.site;[0, 0, 0, 0, 0, 0, 0, 1, 0, 282, 0, 0, 0, 0, 0, 0, 0, 0, 0];0
https://forms.gle;[0, 0, 0, 0, 0, 0, 0, 1, 0, 2, 0, 1, 0, 0, 0, 0, 1, 1, 0];0
https://notion.site;[0, 0, 0, 0, 0, 0, 0, 1, 0, 282, 0, 0, 0, 0, 0, 0, 0, 0, 0];0
https://opensea.io;[0, 0, 0, 0, 0, 0, 0, 1, 0, 5, 0, 1, 0, 0, 0, 0, 1, 1, 0];0
https://jio.com;[0, 0, 0, 0, 0, 0, 0, 0, 1, 182, 0, 0, 0, 0, 0, 1, 0, 0, 1];0
https://storage.googleapis.com;[0, 0, 0, 0, 0, 0, 0, 0, 0, 0, 1, 0, 0, 0, 0, 0, 1, 1, 0];0
https://dood.yt;[0, 0, 0, 0, 0, 0, 0, 0, 0, 0, 1, 0, 0, 0, 0, 0, 1, 1, 0];0
https://evernote.com;[0, 0, 0, 0, 0, 0, 0, 0, 0, 166, 0, 0, 0, 0, 0, 0, 0, 0, 0];0
https://mayoclinic.org;[0, 0, 0, 0, 0, 0, 0, 0, 0, 274, 0, 0, 0, 0, 0, 1, 0, 0, 0];0
https://trip.com;[0, 0, 0, 0, 0, 0, 0, 0, 0, 152, 0, 0, 0, 0, 0, 1, 0, 0, 0];0
https://walmart.com;[0, 0, 0, 0, 0, 0, 0, 0, 0, 89, 0, 1, 0, 0, 0, 1, 0, 0, 0];0
https://azure.com;[0, 0, 0, 0, 0, 0, 1, 1, 1, 674, 0, 1, 0, 0, 0, 1, 1, 0, 0];0
https://airbnb.com;[0, 0, 0, 0, 0, 0, 0, 0, 0, 69, 0, 1, 0, 0, 0, 1, 1, 0, 1];0
https://cloudconvert.com;[0, 0, 0, 0, 0, 0, 0, 0, 0, 54, 0, 0, 0, 0, 0, 0, 1, 0, 0];0
https://amazon.com.au;[0, 0, 0, 0, 0, 0, 1, 1, 1, 241, 0, 0, 0, 0, 0, 1, 0, 0, 0];0
https://rottentomatoes.com;[0, 0, 0, 0, 0, 0, 0, 0, 0, 470, 0, 0, 0, 0, 0, 0, 1, 0, 1];0
https://dawn.com;[0, 0, 0, 0, 0, 0, 0, 0, 1, 504, 0, 1, 0, 1, 0, 1, 0, 0, 0];0
https://reuters.com;[0, 0, 0, 0, 0, 0, 0, 0, 0, 183, 0, 0, 0, 0, 0, 0, 0, 0, 0];0
https://hinative.com;[0, 0, 0, 0, 0, 0, 0, 0, 0, 230, 0, 0, 0, 0, 0, 1, 1, 0, 1];0
https://softonic.com;[0, 0, 0, 0, 0, 0, 0, 1, 1, 1007, 0, 1, 0, 0, 0, 1, 0, 0, 1];0
https://raw.githubusercontent.com;[0, 0, 0, 0, 0, 0, 0, 0, 0, 198, 0, 1, 0, 0, 0, 1, 0, 0, 1];0
https://semrush.com;[0, 0, 0, 0, 0, 0, 0, 0, 0, 159, 0, 0, 0, 0, 0, 1, 0, 0, 1];0
https://ikea.com;[0, 0, 0, 0, 0, 0, 0, 0, 0, 205, 0, 1, 0, 0, 0, 0, 0, 0, 1];0
https://glassdoor.com;[0, 0, 0, 0, 0, 0, 0, 1, 0, 9, 0, 1, 0, 0, 0, 0, 1, 0, 0];0
https://wired.com;[0, 0, 0, 0, 0, 0, 0, 1, 0, 273, 0, 0, 0, 0, 0, 0, 1, 0, 1];0
https://loom.com;[0, 0, 0, 0, 0, 0, 0, 1, 0, 63, 0, 0, 0, 0, 0, 0, 1, 0, 1];0
https://autodesk.com;[0, 0, 0, 0, 0, 0, 0, 0, 0, 113, 0, 1, 0, 0, 0, 1, 0, 0, 1];0
https://xbox.com;[0, 0, 0, 0, 0, 0, 0, 0, 0, 0, 1, 0, 0, 0, 0, 0, 1, 1, 0];0
https://zara.com;[0, 0, 0, 0, 0, 0, 0, 0, 0, 0, 1, 0, 0, 0, 0, 0, 1, 1, 0];0
https://dawn.com;[0, 0, 0, 0, 0, 0, 0, 0, 1, 504, 0, 1, 0, 1, 0, 1, 0, 0, 0];0
https://ieee.org;[0, 0, 0, 0, 0, 0, 0, 0, 0, 370, 0, 0, 0, 0, 0, 1, 1, 0, 0];0
https://360doc.com;[0, 0, 0, 0, 0, 0, 0, 0, 0, 0, 1, 0, 0, 0, 0, 0, 1, 1, 0];0
https://xe.com;[0, 0, 0, 0, 0, 0, 0, 0, 0, 193, 0, 0, 0, 0, 0, 0, 1, 0, 0];0
https://aliyuncs.com;[0, 0, 0, 0, 0, 0, 0, 0, 0, 0, 1, 0, 0, 0, 0, 0, 1, 1, 0];0
https://airtable.com;[0, 0, 0, 0, 0, 0, 0, 1, 0, 253, 0, 0, 0, 0, 0, 0, 0, 0, 0];0
https://cengage.com;[0, 0, 0, 0, 0, 0, 0, 0, 0, 82, 0, 1, 0, 0, 1, 0, 0, 0, 0];0
https://typeform.com;[0, 0, 0, 0, 0, 0, 0, 0, 0, 223, 0, 0, 0, 0, 0, 1, 0, 0, 0];0
https://disneyplus.com;[0, 0, 0, 0, 0, 0, 0, 1, 0, 87, 0, 1, 0, 0, 0, 0, 0, 0, 1];0
https://duosecurity.com;[0, 0, 0, 0, 0, 0, 0, 0, 0, 202, 0, 0, 0, 0, 0, 0, 0, 0, 0];0
https://tampermonkey.net;[0, 0, 0, 0, 0, 0, 0, 0, 0, 35, 0, 0, 0, 0, 0, 0, 1, 0, 0];0
https://rozetka.com.ua;[0, 0, 0, 0, 0, 0, 0, 0, 0, 0, 1, 0, 0, 0, 0, 0, 1, 1, 0];0
https://themeforest.net;[0, 0, 0, 0, 0, 0, 0, 0, 0, 620, 0, 0, 0, 0, 0, 1, 0, 0, 1];0
https://rakuten.com;[0, 0, 0, 0, 0, 0, 0, 1, 0, 195, 0, 0, 0, 0, 0, 0, 1, 0, 1];0
https://1fichier.com;[0, 0, 0, 0, 0, 0, 0, 0, 1, 25, 0, 0, 0, 0, 0, 1, 1, 0, 1];0
https://monday.com;[0, 0, 0, 0, 0, 0, 0, 0, 1, 354, 0, 0, 0, 0, 0, 0, 0, 0, 0];0
https://rediff.com;[0, 0, 0, 0, 0, 0, 0, 0, 1, 309, 0, 1, 0, 0, 0, 1, 0, 0, 1];0
https://onelogin.com;[0, 0, 0, 0, 0, 0, 0, 1, 0, 168, 0, 0, 0, 0, 0, 0, 1, 0, 0];0
https://wattpad.com;[0, 0, 0, 0, 0, 0, 0, 1, 0, 58, 0, 0, 0, 0, 0, 1, 0, 0, 1];0
https://substack.com;[0, 0, 0, 0, 0, 0, 0, 0, 0, 135, 0, 0, 0, 0, 0, 1, 0, 0, 1];0
https://aol.com;[0, 0, 0, 0, 0, 0, 0, 0, 0, 298, 0, 1, 0, 0, 0, 1, 0, 0, 1];0
https://pdfsimpli.com;[0, 0, 0, 0, 0, 0, 0, 0, 1, 212, 0, 0, 0, 0, 0, 1, 1, 0, 0];0
https://clickup.com;[0, 0, 0, 0, 0, 0, 0, 0, 0, 234, 0, 0, 0, 0, 0, 0, 0, 0, 0];0
https://redfin.com;[0, 0, 0, 0, 0, 0, 0, 1, 1, 464, 0, 0, 0, 0, 0, 1, 1, 0, 0];0
https://18comic.vip;[0, 0, 0, 0, 0, 0, 0, 0, 0, 0, 1, 0, 0, 0, 0, 0, 1, 1, 0];0
https://unity.com;[0, 0, 0, 0, 0, 0, 0, 1, 0, 110, 0, 0, 0, 0, 0, 0, 0, 0, 0];0
https://ahrefs.com;[0, 0, 0, 0, 0, 0, 0, 0, 0, 260, 0, 1, 0, 0, 0, 0, 0, 0, 1];0
https://windowsazure.com;[0, 0, 0, 0, 0, 0, 0, 1, 1, 674, 0, 1, 0, 0, 0, 1, 1, 0, 0];0
https://pdfdrive.com;[0, 0, 0, 0, 0, 0, 0, 0, 0, 140, 0, 0, 0, 0, 0, 1, 1, 0, 0];0
https://serverfault.com;[0, 0, 0, 0, 0, 0, 0, 0, 0, 236, 0, 0, 0, 0, 0, 1, 1, 0, 1];0
https://att.com;[0, 0, 0, 0, 0, 0, 0, 1, 1, 90, 0, 0, 0, 0, 0, 0, 1, 0, 0];0
https://irctc.co.in;[0, 0, 0, 0, 0, 0, 0, 1, 0, 9, 0, 0, 0, 0, 0, 1, 1, 0, 0];0
https://uptodown.com;[0, 0, 0, 0, 0, 0, 0, 0, 1, 330, 0, 1, 0, 0, 0, 1, 1, 0, 1];0
https://docusign.com;[0, 0, 0, 0, 0, 0, 0, 0, 0, 177, 0, 1, 0, 0, 0, 0, 0, 0, 0];0
https://yourbestjournal.com;[0, 0, 0, 0, 0, 0, 0, 1, 0, 1, 0, 1, 0, 0, 0, 1, 1, 0, 0];0
https://bloomberg.com;[0, 0, 0, 0, 0, 0, 0, 1, 0, 477, 0, 1, 0, 0, 0, 1, 0, 0, 1];0
https://ranker.com;[0, 0, 0, 0, 0, 0, 0, 0, 0, 197, 0, 0, 0, 0, 0, 1, 0, 0, 1];0
https://coursehero.com;[0, 0, 0, 0, 0, 0, 0, 0, 0, 76, 0, 1, 0, 0, 0, 1, 1, 0, 0];0
https://chase.com;[0, 0, 0, 0, 0, 0, 0, 0, 0, 166, 0, 1, 0, 0, 0, 0, 0, 0, 0];0
https://uptobox.com;[0, 0, 0, 0, 0, 0, 0, 0, 1, 35, 0, 0, 0, 0, 0, 0, 1, 1, 0];0
https://auth0.com;[0, 0, 0, 0, 0, 0, 0, 0, 0, 250, 0, 0, 0, 0, 0, 1, 1, 0, 1];0
https://citi.com;[0, 0, 0, 0, 0, 0, 0, 1, 0, 15, 0, 0, 0, 0, 0, 0, 0, 0, 0];0
https://nypost.com;[0, 0, 0, 0, 0, 0, 0, 1, 0, 655, 0, 0, 0, 0, 0, 1, 0, 0, 0];0
https://superuser.com;[0, 0, 0, 0, 0, 0, 0, 0, 0, 246, 0, 0, 0, 0, 0, 1, 0, 0, 1];0
https://dafont.com;[0, 0, 0, 0, 0, 0, 0, 0, 1, 100, 0, 0, 0, 0, 0, 0, 1, 0, 0];0
https://epicgames.com;[0, 0, 0, 0, 0, 0, 0, 1, 0, 1, 0, 1, 0, 0, 0, 0, 1, 1, 0];0
https://cisco.com;[0, 0, 0, 0, 0, 0, 0, 0, 0, 77, 0, 1, 0, 0, 0, 1, 1, 0, 0];0
https://youjizz.com;[0, 0, 0, 0, 0, 0, 0, 0, 0, 409, 0, 0, 0, 0, 0, 1, 1, 0, 0];0
https://xfantazy.com;[0, 0, 0, 0, 0, 0, 0, 0, 0, 223, 0, 0, 0, 0, 0, 1, 1, 0, 0];0
https://dogdrip.net;[0, 0, 0, 0, 0, 0, 0, 0, 0, 0, 1, 0, 0, 0, 0, 0, 1, 1, 0];0
https://xero.com;[0, 0, 0, 0, 0, 0, 0, 1, 0, 60, 0, 0, 0, 0, 0, 0, 0, 0, 0];0
https://cults3d.com;[0, 0, 0, 0, 0, 0, 0, 0, 0, 508, 0, 0, 0, 0, 0, 1, 1, 0, 1];0
https://indiamart.com;[0, 0, 0, 0, 0, 0, 0, 0, 1, 1094, 0, 1, 0, 0, 0, 1, 0, 0, 0];0
https://liquipedia.net;[0, 0, 0, 0, 0, 0, 0, 0, 0, 285, 0, 0, 0, 0, 0, 1, 1, 0, 0];0
https://snapchat.com;[0, 0, 0, 0, 0, 0, 0, 1, 0, 31, 0, 1, 0, 0, 0, 1, 1, 0, 1];0
https://lectortmo.com;[0, 0, 0, 0, 0, 0, 0, 0, 0, 0, 1, 0, 0, 0, 0, 0, 1, 0, 0];0
https://smallseotools.com;[0, 0, 0, 0, 0, 0, 0, 0, 0, 426, 0, 0, 0, 0, 0, 1, 1, 0, 0];0
https://oneindia.com;[0, 0, 0, 0, 0, 0, 0, 0, 1, 709, 0, 1, 0, 0, 0, 1, 1, 0, 0];0
https://sony.com;[0, 0, 0, 0, 0, 0, 0, 1, 0, 0, 1, 0, 0, 0, 0, 0, 0, 0, 0];0
https://realtor.com;[0, 0, 0, 0, 0, 0, 0, 0, 0, 366, 0, 0, 0, 0, 0, 0, 1, 0, 1];0
https://hgtv.com;[0, 0, 0, 0, 0, 0, 0, 0, 0, 0, 1, 0, 0, 0, 0, 0, 1, 1, 0];0
https://bpi.ir;[0, 0, 0, 0, 0, 0, 0, 0, 0, 6, 0, 1, 0, 0, 0, 0, 1, 1, 0];0
https://poki.com;[0, 0, 0, 0, 0, 0, 0, 0, 0, 480, 0, 1, 0, 0, 0, 0, 0, 0, 1];0
https://youjizz.com;[0, 0, 0, 0, 0, 0, 0, 0, 0, 409, 0, 0, 0, 0, 0, 1, 1, 0, 0];0
https://wordreference.com;[0, 0, 0, 0, 0, 0, 0, 1, 0, 111, 0, 0, 0, 0, 0, 0, 1, 0, 0];0
https://justwatch.com;[0, 0, 0, 0, 0, 0, 0, 1, 0, 900, 0, 0, 0, 0, 0, 0, 0, 0, 0];0
https://india.com;[0, 0, 0, 0, 0, 0, 0, 1, 1, 348, 0, 1, 0, 0, 0, 1, 1, 0, 1];0
https://byjus.com;[0, 0, 0, 0, 0, 0, 0, 1, 0, 241, 0, 1, 0, 0, 0, 1, 0, 0, 1];0
https://internetdownloadmanager.com;[0, 0, 0, 0, 0, 0, 0, 0, 0, 81, 0, 0, 0, 0, 0, 0, 0, 0, 0];0
https://dell.com;[0, 0, 0, 0, 0, 0, 0, 1, 0, 251, 0, 1, 0, 0, 0, 1, 0, 0, 0];0
https://fandom.com;[0, 0, 0, 0, 0, 0, 0, 0, 1, 132, 0, 1, 0, 0, 0, 1, 0, 0, 1];0
https://gate.io;[0, 0, 0, 0, 0, 0, 0, 1, 0, 678, 0, 0, 0, 0, 0, 0, 1, 0, 0];0
https://literotica.com;[0, 0, 0, 0, 0, 0, 0, 0, 0, 74, 0, 1, 0, 0, 0, 0, 0, 0, 1];0
https://ezgif.com;[0, 0, 0, 0, 0, 0, 0, 0, 0, 67, 0, 0, 0, 0, 0, 0, 1, 0, 0];0
https://ebay.com.au;[0, 0, 0, 0, 0, 0, 0, 1, 1, 416, 0, 1, 0, 0, 0, 1, 0, 0, 1];0
https://google.com.ar;[0, 0, 0, 0, 0, 0, 0, 1, 0, 30, 0, 1, 0, 0, 1, 0, 1, 0, 0];0
https://javatpoint.com;[0, 0, 0, 0, 0, 0, 0, 0, 0, 897, 0, 1, 0, 0, 0, 1, 1, 0, 0];0
https://finviz.com;[0, 0, 0, 0, 0, 0, 0, 0, 0, 315, 0, 0, 0, 0, 0, 0, 0, 0, 0];0
https://zapier.com;[0, 0, 0, 0, 0, 0, 0, 0, 0, 321, 0, 0, 0, 0, 0, 1, 1, 0, 1];0
https://weebly.com;[0, 0, 0, 0, 0, 0, 0, 0, 0, 113, 0, 1, 0, 0, 0, 1, 1, 0, 0];0
https://livemint.com;[0, 0, 0, 0, 0, 0, 0, 1, 0, 442, 0, 0, 0, 0, 0, 0, 0, 0, 1];0
https://getbootstrap.com;[0, 0, 0, 0, 0, 0, 0, 0, 0, 103, 0, 0, 0, 0, 0, 0, 1, 0, 0];0
https://iwara.tv;[0, 0, 0, 0, 0, 0, 0, 0, 0, 1, 0, 0, 0, 0, 0, 0, 1, 0, 0];0
https://iloveimg.com;[0, 0, 0, 0, 0, 0, 0, 0, 0, 130, 0, 0, 0, 0, 0, 0, 0, 0, 0];0
https://cardmarket.com;[0, 0, 0, 0, 0, 0, 0, 0, 0, 0, 1, 0, 0, 0, 0, 0, 1, 1, 0];0
https://sony.com;[0, 0, 0, 0, 0, 0, 0, 1, 0, 0, 1, 0, 0, 0, 0, 0, 0, 0, 0];0
https://webvenadvdesign.com;[0, 0, 0, 0, 0, 0, 0, 1, 1, 132, 0, 1, 0, 0, 0, 1, 1, 0, 1];0
https://hdtoday.tv;[0, 0, 0, 0, 0, 0, 0, 0, 0, 24, 0, 0, 0, 0, 0, 1, 0, 0, 1];0
https://makeuseof.com;[0, 0, 0, 0, 0, 0, 0, 0, 0, 333, 0, 0, 0, 0, 0, 1, 1, 0, 0];0
https://arxiv.org;[0, 0, 0, 0, 0, 0, 0, 0, 0, 270, 0, 0, 0, 0, 0, 1, 1, 0, 1];0
https://imgur.com;[0, 0, 0, 0, 0, 0, 0, 0, 0, 9, 0, 1, 0, 0, 0, 1, 0, 0, 1];0
https://amazon.ae;[0, 0, 0, 0, 0, 0, 1, 1, 1, 374, 0, 0, 0, 0, 0, 1, 0, 0, 0];0
https://lg.com;[0, 0, 0, 0, 0, 0, 0, 0, 1, 587, 0, 1, 0, 0, 0, 0, 1, 0, 0];0
https://xataka.com;[0, 0, 0, 0, 0, 0, 0, 0, 1, 533, 0, 1, 0, 0, 0, 1, 1, 0, 1];0
https://azertag.az;[0, 0, 0, 0, 0, 0, 0, 0, 0, 383, 0, 0, 0, 0, 0, 0, 1, 1, 0];0
https://googlesyndication.com;[0, 0, 0, 0, 0, 0, 0, 1, 0, 29, 0, 1, 0, 0, 1, 0, 1, 0, 0];0
https://vecteezy.com;[0, 0, 0, 0, 0, 0, 0, 1, 0, 539, 0, 1, 0, 0, 0, 1, 0, 0, 0];0
https://jasper.ai;[0, 0, 0, 0, 0, 0, 0, 0, 0, 260, 0, 1, 0, 0, 0, 1, 0, 0, 1];0
https://frontiersin.org;[0, 0, 0, 0, 0, 0, 0, 0, 0, 139, 0, 1, 0, 0, 0, 0, 0, 0, 0];0
https://fdown.net;[0, 0, 0, 0, 0, 0, 0, 0, 0, 0, 1, 0, 0, 0, 0, 0, 1, 1, 0];0
https://basecamp.com;[0, 0, 0, 0, 0, 0, 0, 0, 0, 58, 0, 0, 0, 0, 0, 0, 1, 0, 0];0
https://meesho.com;[0, 0, 0, 0, 0, 0, 0, 0, 0, 0, 1, 0, 0, 0, 0, 0, 1, 1, 0];0
https://mat6tube.com;[0, 0, 0, 0, 0, 0, 0, 0, 0, 0, 1, 0, 0, 0, 0, 0, 1, 1, 0];0
https://docusign.com;[0, 0, 0, 0, 0, 0, 0, 0, 0, 177, 0, 1, 0, 0, 0, 0, 0, 0, 0];0
https://forprimeapeon.com;[0, 0, 0, 0, 0, 0, 0, 0, 0, 0, 1, 0, 0, 0, 0, 0, 1, 1, 0];0
https://expedia.com;[0, 0, 0, 0, 0, 0, 0, 1, 0, 300, 0, 1, 0, 0, 0, 0, 0, 0, 0];0
https://cityheaven.net;[0, 0, 0, 0, 0, 0, 0, 0, 0, 2, 0, 1, 0, 0, 0, 0, 1, 1, 0];0
https://njav.tv;[0, 0, 0, 0, 0, 0, 0, 0, 1, 195, 0, 1, 0, 0, 0, 1, 0, 0, 0];0
https://simpcity.su;[0, 0, 0, 0, 0, 0, 0, 1, 0, 298, 0, 0, 0, 0, 0, 1, 0, 0, 0];0
https://vuejs.org;[0, 0, 0, 0, 0, 0, 0, 0, 0, 89, 0, 1, 0, 0, 0, 0, 1, 0, 0];0
https://flickr.com;[0, 0, 0, 0, 0, 0, 0, 1, 0, 65, 0, 0, 0, 0, 0, 1, 1, 0, 1];0
https://kakaku.com;[0, 0, 0, 0, 0, 0, 0, 0, 0, 337, 0, 1, 0, 0, 0, 1, 0, 0, 0];0
https://ikea.com;[0, 0, 0, 0, 0, 0, 0, 0, 0, 205, 0, 1, 0, 0, 0, 0, 0, 0, 1];0
https://turbo.az;[0, 0, 0, 0, 0, 0, 0, 0, 0, 275, 0, 0, 0, 0, 0, 1, 1, 0, 1];0
https://teachable.com;[0, 0, 0, 0, 0, 0, 0, 1, 1, 95, 0, 1, 0, 0, 0, 0, 0, 0, 0];0
https://you.com;[0, 0, 0, 0, 0, 0, 0, 1, 0, 4, 0, 1, 0, 0, 0, 0, 1, 0, 0];0
https://zoominfo.com;[0, 0, 0, 0, 0, 0, 0, 1, 0, 251, 0, 0, 0, 0, 0, 1, 0, 0, 0];0
https://xe.com;[0, 0, 0, 0, 0, 0, 0, 0, 0, 193, 0, 0, 0, 0, 0, 0, 1, 0, 0];0
https://issuu.com;[0, 0, 0, 0, 0, 0, 0, 0, 0, 177, 0, 0, 0, 0, 0, 1, 0, 0, 0];0
https://lowes.com;[0, 0, 0, 0, 0, 0, 0, 0, 0, 0, 1, 0, 0, 0, 0, 0, 1, 1, 0];0
https://vimeo.com;[0, 0, 0, 0, 0, 0, 0, 0, 0, 148, 0, 0, 0, 0, 0, 0, 0, 0, 1];0
https://surveymonkey.com;[0, 0, 0, 0, 0, 0, 0, 0, 0, 199, 0, 0, 0, 0, 0, 1, 1, 0, 1];0
https://slickdeals.net;[0, 0, 0, 0, 0, 0, 0, 1, 0, 612, 0, 0, 0, 0, 0, 1, 1, 0, 0];0
https://byjus.com;[0, 0, 0, 0, 0, 0, 0, 1, 0, 241, 0, 1, 0, 0, 0, 1, 0, 0, 1];0
https://nature.com;[0, 0, 0, 0, 0, 0, 0, 0, 0, 174, 0, 1, 0, 0, 0, 0, 0, 0, 0];0
https://livejournal.com;[0, 0, 0, 0, 0, 0, 0, 0, 1, 81, 0, 1, 0, 0, 1, 1, 1, 0, 1];0
https://360doc.com;[0, 0, 0, 0, 0, 0, 0, 0, 0, 0, 1, 0, 0, 0, 0, 0, 1, 1, 0];0
https://google.co.id;[0, 0, 0, 0, 0, 0, 0, 1, 0, 30, 0, 1, 0, 0, 1, 0, 1, 0, 0];0
https://hm.com;[0, 0, 0, 0, 0, 0, 0, 1, 0, 444, 0, 0, 0, 0, 0, 1, 1, 0, 0];0
https://google.es;[0, 0, 0, 0, 0, 0, 0, 1, 0, 29, 0, 1, 0, 0, 1, 0, 1, 0, 0];0
https://dotmovies.xyz;[0, 0, 0, 0, 0, 0, 0, 0, 1, 291, 0, 1, 0, 0, 0, 1, 1, 0, 1];0
https://camwhores.tv;[0, 0, 0, 0, 0, 0, 0, 1, 1, 272, 0, 1, 0, 0, 0, 1, 1, 0, 0];0
https://faphouse.com;[0, 0, 0, 0, 0, 0, 0, 1, 1, 711, 0, 0, 0, 0, 0, 1, 0, 0, 1];0
https://mangadex.org;[0, 0, 0, 0, 0, 0, 0, 1, 0, 2, 0, 0, 0, 0, 0, 0, 1, 0, 0];0
https://amazon.ae;[0, 0, 0, 0, 0, 0, 1, 1, 1, 374, 0, 0, 0, 0, 0, 1, 0, 0, 0];0
https://123rf.com;[0, 0, 0, 0, 0, 0, 0, 0, 0, 230, 0, 1, 0, 0, 0, 1, 0, 0, 1];0
https://fiverr.com;[0, 0, 0, 0, 0, 0, 0, 1, 0, 3, 0, 0, 0, 0, 0, 0, 0, 0, 1];0
https://mediafire.com;[0, 0, 0, 0, 0, 0, 0, 0, 1, 63, 0, 0, 0, 0, 0, 1, 0, 0, 0];0
https://imagetwist.com;[0, 0, 0, 0, 0, 0, 0, 0, 0, 29, 0, 0, 0, 0, 0, 1, 0, 0, 0];0
https://winscp.net;[0, 0, 0, 0, 0, 0, 0, 0, 0, 85, 0, 0, 0, 0, 0, 1, 0, 0, 0];0
https://miro.com;[0, 0, 0, 0, 0, 0, 0, 1, 0, 253, 0, 0, 0, 0, 0, 1, 1, 0, 1];0
https://hjg58.com;[0, 0, 0, 0, 0, 0, 0, 0, 0, 1, 0, 0, 1, 0, 0, 0, 1, 1, 0];0
https://pngtree.com;[0, 0, 0, 0, 0, 0, 0, 1, 0, 408, 0, 0, 0, 0, 0, 1, 0, 0, 0];0
https://jotform.com;[0, 0, 0, 0, 0, 0, 0, 1, 0, 260, 0, 1, 0, 0, 0, 1, 0, 0, 1];0
https://udemy.com;[0, 0, 0, 0, 0, 0, 0, 0, 0, 0, 1, 0, 0, 0, 0, 0, 1, 1, 0];0
https://blackboard.com;[0, 0, 0, 0, 0, 0, 0, 0, 0, 227, 0, 0, 0, 0, 0, 0, 0, 0, 0];0
https://made-in-china.com;[0, 1, 0, 0, 0, 0, 0, 0, 1, 1535, 0, 1, 0, 0, 0, 1, 1, 0, 0];0
https://gamerant.com;[0, 0, 0, 0, 0, 0, 0, 0, 0, 179, 0, 0, 0, 0, 0, 1, 0, 0, 0];0
https://linkbux.com;[0, 0, 0, 0, 0, 0, 0, 1, 0, 89, 0, 1, 0, 0, 0, 0, 0, 0, 0];0
https://cvs.com;[0, 0, 0, 0, 0, 0, 0, 1, 0, 1, 0, 1, 0, 0, 0, 0, 1, 0, 0];0
https://askubuntu.com;[0, 0, 0, 0, 0, 0, 0, 0, 0, 250, 0, 0, 0, 0, 0, 1, 0, 0, 1];0
https://sheetvibe.com;[0, 0, 0, 0, 0, 0, 0, 1, 0, 29, 0, 1, 0, 0, 1, 0, 1, 1, 0];0
https://sxyprn.net;[0, 0, 0, 0, 0, 0, 0, 1, 0, 684, 0, 0, 0, 0, 0, 0, 1, 1, 0];0
https://bandcamp.com;[0, 0, 0, 0, 0, 0, 0, 0, 0, 125, 0, 1, 0, 0, 0, 1, 1, 0, 1];0
https://dreamstime.com;[0, 0, 0, 0, 0, 0, 0, 1, 0, 432, 0, 1, 0, 1, 0, 0, 0, 0, 1];0
https://123rf.com;[0, 0, 0, 0, 0, 0, 0, 0, 0, 230, 0, 1, 0, 0, 0, 1, 0, 0, 1];0
https://forbes.com;[0, 0, 0, 0, 0, 0, 0, 1, 0, 201, 0, 1, 0, 0, 1, 1, 0, 0, 1];0
https://streamtape.com;[0, 0, 0, 0, 0, 0, 0, 0, 0, 30, 0, 0, 0, 0, 0, 0, 1, 0, 0];0
https://creditkarma.com;[0, 0, 0, 0, 0, 0, 0, 0, 0, 207, 0, 1, 0, 0, 0, 1, 0, 0, 1];0
https://pinterest.es;[0, 0, 0, 0, 0, 0, 0, 0, 0, 26, 0, 1, 0, 0, 0, 0, 0, 0, 1];0
https://onelogin.com;[0, 0, 0, 0, 0, 0, 0, 1, 0, 168, 0, 0, 0, 0, 0, 0, 1, 0, 0];0
https://joinhoney.com;[0, 0, 0, 0, 0, 0, 0, 1, 0, 58, 0, 1, 0, 0, 0, 1, 0, 0, 1];0
https://themoviedb.org;[0, 0, 0, 0, 0, 0, 0, 1, 0, 97, 0, 0, 0, 0, 0, 0, 1, 0, 0];0
https://elpais.com;[0, 0, 0, 0, 0, 0, 0, 0, 0, 734, 0, 0, 0, 0, 0, 1, 0, 0, 1];0
https://pypi.org;[0, 0, 0, 0, 0, 0, 0, 0, 0, 63, 0, 1, 0, 0, 0, 1, 1, 0, 0];0
https://drctcldfafwr.com;[0, 0, 0, 0, 0, 0, 0, 1, 0, 29, 0, 1, 0, 0, 1, 0, 1, 1, 0];0
https://wondershare.com;[0, 0, 0, 0, 0, 0, 0, 0, 0, 195, 0, 1, 0, 0, 0, 1, 1, 0, 1];0
https://google.com.vn;[0, 0, 0, 0, 0, 0, 0, 1, 0, 30, 0, 1, 0, 0, 1, 0, 1, 0, 0];0
https://roudoduor.com;[0, 0, 0, 0, 0, 0, 0, 0, 0, 0, 1, 0, 0, 0, 0, 0, 1, 1, 0];0
https://bankofamerica.com;[0, 0, 0, 0, 0, 0, 0, 1, 1, 211, 0, 0, 0, 0, 0, 1, 1, 0, 1];0
https://experimentalconcerningsuck.com;[0, 0, 0, 0, 0, 0, 0, 1, 0, 29, 0, 1, 0, 0, 1, 0, 1, 0, 0];0
https://wp.com;[0, 0, 0, 0, 0, 0, 0, 0, 0, 185, 0, 1, 0, 0, 0, 1, 1, 0, 1];0
https://line.me;[0, 0, 0, 0, 0, 0, 0, 1, 0, 195, 0, 0, 0, 0, 0, 0, 0, 0, 0];0
https://si.com;[0, 0, 0, 0, 0, 0, 0, 0, 0, 1, 0, 1, 0, 0, 0, 0, 1, 0, 0];0
https://11st.co.kr;[0, 0, 0, 0, 0, 0, 0, 0, 0, 10, 0, 1, 0, 0, 0, 1, 1, 1, 1];0
https://tandfonline.com;[0, 0, 0, 0, 0, 0, 0, 0, 0, 110, 0, 0, 0, 0, 0, 0, 1, 0, 0];0
https://liquipedia.net;[0, 0, 0, 0, 0, 0, 0, 0, 0, 285, 0, 0, 0, 0, 0, 1, 1, 0, 0];0
https://payu.in;[0, 0, 0, 0, 0, 0, 0, 0, 0, 106, 0, 0, 0, 0, 0, 1, 0, 0, 0];0
https://leetcode.com;[0, 0, 0, 0, 0, 0, 0, 0, 0, 32, 0, 0, 0, 0, 0, 0, 0, 0, 0];0
https://forexfactory.com;[0, 0, 0, 0, 0, 0, 0, 0, 0, 0, 1, 0, 0, 0, 0, 0, 1, 0, 0];0
https://evernote.com;[0, 0, 0, 0, 0, 0, 0, 0, 0, 166, 0, 0, 0, 0, 0, 0, 0, 0, 0];0
https://irctc.co.in;[0, 0, 0, 0, 0, 0, 0, 1, 0, 9, 0, 0, 0, 0, 0, 1, 1, 0, 0];0
https://njav.tv;[0, 0, 0, 0, 0, 0, 0, 0, 1, 195, 0, 1, 0, 0, 0, 1, 0, 0, 0];0
https://billdesk.com;[0, 0, 0, 0, 0, 0, 0, 0, 0, 3, 0, 0, 0, 0, 0, 0, 1, 0, 0];0
https://webflow.com;[0, 0, 0, 0, 0, 0, 0, 1, 0, 335, 0, 1, 0, 0, 0, 1, 1, 0, 1];0
https://feedly.com;[0, 0, 0, 0, 0, 0, 0, 0, 0, 6, 0, 1, 0, 0, 0, 1, 1, 0, 0];0
https://usatoday.com;[0, 0, 0, 0, 0, 0, 0, 0, 0, 65, 0, 0, 0, 0, 0, 0, 1, 0, 1];0
https://makeuseof.com;[0, 0, 0, 0, 0, 0, 0, 0, 0, 333, 0, 0, 0, 0, 0, 1, 1, 0, 0];0
https://manganato.com;[0, 0, 0, 0, 0, 0, 0, 0, 0, 512, 0, 1, 0, 0, 0, 1, 0, 0, 0];0
https://onelogin.com;[0, 0, 0, 0, 0, 0, 0, 1, 0, 168, 0, 0, 0, 0, 0, 0, 1, 0, 0];0
https://timeanddate.com;[0, 0, 0, 0, 0, 0, 0, 1, 0, 223, 0, 0, 0, 0, 0, 0, 0, 0, 0];0
https://vmware.com;[0, 0, 0, 0, 0, 0, 0, 0, 1, 311, 0, 0, 0, 0, 0, 0, 0, 0, 0];0
https://coingecko.com;[0, 0, 0, 0, 0, 0, 0, 0, 0, 534, 0, 1, 0, 0, 0, 1, 0, 0, 0];0
https://17track.net;[0, 0, 0, 0, 0, 0, 0, 0, 0, 289, 0, 1, 0, 0, 0, 1, 0, 0, 1];0
https://prototypewailrubber.com;[0, 0, 0, 0, 0, 0, 0, 1, 0, 29, 0, 1, 0, 0, 1, 0, 1, 1, 0];0
https://sap.com;[0, 0, 0, 0, 0, 0, 0, 1, 1, 112, 0, 1, 0, 0, 0, 0, 1, 0, 0];0
https://tnaflix.com;[0, 0, 0, 0, 0, 0, 0, 0, 1, 369, 0, 0, 0, 0, 0, 1, 1, 0, 0];0
https://codecanyon.net;[0, 0, 0, 0, 0, 0, 0, 0, 0, 672, 0, 0, 0, 0, 0, 1, 1, 0, 1];0
https://justdial.com;[0, 0, 0, 0, 0, 0, 0, 1, 0, 386, 0, 1, 0, 0, 0, 0, 1, 0, 0];0
https://criteo.com;[0, 0, 0, 0, 0, 0, 0, 0, 1, 356, 0, 1, 0, 0, 0, 1, 0, 0, 0];0
https://ebay.ca;[0, 0, 0, 0, 0, 0, 0, 1, 1, 405, 0, 1, 0, 0, 0, 1, 0, 0, 1];0
https://goo.gl;[0, 0, 0, 0, 0, 0, 0, 0, 0, 80, 0, 1, 0, 0, 0, 1, 1, 1, 1];0
https://bongacams.com;[0, 0, 0, 0, 0, 0, 0, 0, 0, 741, 0, 0, 0, 0, 0, 1, 1, 1, 1];0
https://avgle.com;[0, 0, 0, 0, 0, 0, 0, 1, 1, 432, 0, 0, 0, 0, 0, 0, 1, 0, 0];0
https://startpage.com;[0, 0, 0, 0, 0, 0, 0, 0, 0, 137, 0, 1, 0, 0, 0, 0, 1, 0, 1];0
https://freelancer.com;[0, 0, 0, 0, 0, 0, 0, 0, 0, 253, 0, 0, 1, 0, 0, 0, 0, 0, 0];0
https://google.it;[0, 0, 0, 0, 0, 0, 0, 1, 0, 30, 0, 1, 0, 0, 1, 0, 1, 0, 0];0
https://dw.com;[0, 0, 0, 0, 0, 0, 0, 1, 0, 2, 0, 0, 0, 0, 0, 0, 1, 1, 0];0
https://oup.com;[0, 0, 0, 0, 0, 0, 0, 0, 0, 216, 0, 1, 0, 0, 1, 1, 1, 0, 0];0
https://planetminecraft.com;[0, 0, 0, 0, 0, 0, 0, 0, 0, 417, 0, 0, 0, 0, 0, 1, 1, 0, 0];0
https://emojipedia.org;[0, 0, 0, 0, 0, 0, 0, 0, 0, 81, 0, 0, 0, 0, 0, 1, 0, 0, 0];0
https://sat.gob.mx;[0, 0, 0, 0, 0, 0, 0, 1, 0, 207, 0, 0, 0, 0, 0, 0, 1, 0, 0];0
https://online-convert.com;[0, 1, 0, 1, 0, 0, 0, 0, 0, 192, 0, 1, 0, 0, 0, 1, 1, 0, 1];0
https://livescore.com;[0, 0, 0, 0, 0, 0, 0, 1, 0, 475, 0, 0, 0, 0, 0, 0, 0, 0, 0];0
https://rediff.com;[0, 0, 0, 0, 0, 0, 0, 0, 1, 309, 0, 1, 0, 0, 0, 1, 0, 0, 1];0
https://ahrefs.com;[0, 0, 0, 0, 0, 0, 0, 0, 0, 260, 0, 1, 0, 0, 0, 0, 0, 0, 1];0
https://sketchfab.com;[0, 0, 0, 0, 0, 0, 0, 0, 1, 209, 0, 0, 0, 0, 0, 1, 0, 0, 1];0
https://discover.com;[0, 0, 0, 0, 0, 0, 0, 0, 1, 244, 0, 1, 0, 0, 0, 0, 1, 0, 0];0
https://asos.com;[0, 0, 0, 0, 0, 0, 0, 1, 1, 790, 0, 1, 0, 0, 0, 1, 1, 0, 0];0
https://lichess.org;[0, 0, 0, 0, 0, 0, 0, 0, 0, 118, 0, 0, 0, 0, 0, 1, 1, 0, 1];0
https://xfinity.com;[0, 0, 0, 0, 0, 0, 0, 0, 0, 13, 0, 1, 0, 0, 0, 1, 1, 0, 1];0
https://extfans.com;[0, 0, 0, 0, 0, 0, 0, 0, 0, 553, 0, 0, 0, 0, 0, 1, 1, 0, 1];0
https://xfantazy.com;[0, 0, 0, 0, 0, 0, 0, 0, 0, 223, 0, 0, 0, 0, 0, 1, 1, 0, 0];0
https://bulbagarden.net;[0, 0, 0, 0, 0, 0, 0, 0, 1, 198, 0, 1, 0, 0, 0, 1, 0, 0, 1];0
https://lazada.com.ph;[0, 0, 0, 0, 0, 0, 0, 0, 0, 1540, 0, 1, 0, 0, 0, 1, 0, 0, 1];0
https://klaviyo.com;[0, 0, 0, 0, 0, 0, 0, 1, 0, 114, 0, 0, 0, 0, 0, 0, 1, 0, 1];0
https://wikihow.com;[0, 0, 0, 0, 0, 0, 0, 1, 0, 390, 0, 0, 0, 0, 0, 0, 0, 0, 0];0
https://redbubble.com;[0, 0, 0, 0, 0, 0, 0, 0, 0, 0, 1, 0, 0, 0, 0, 0, 1, 1, 0];0
https://scoop.it;[0, 0, 0, 0, 0, 0, 0, 0, 0, 79, 0, 1, 0, 0, 0, 1, 1, 0, 0];0
https://wallhaven.cc;[0, 0, 0, 0, 0, 0, 0, 0, 0, 137, 0, 0, 0, 0, 0, 1, 1, 0, 0];0
https://colamanhua.com;[0, 0, 0, 0, 0, 0, 0, 0, 0, 0, 1, 0, 0, 0, 0, 0, 1, 1, 0];0
https://trip.com;[0, 0, 0, 0, 0, 0, 0, 0, 0, 152, 0, 0, 0, 0, 0, 1, 0, 0, 0];0
https://pdffiller.com;[0, 0, 0, 0, 0, 0, 0, 1, 0, 359, 0, 1, 0, 0, 0, 1, 1, 0, 1];0
https://att.net;[0, 0, 0, 0, 0, 0, 0, 1, 1, 136, 0, 1, 0, 0, 0, 1, 1, 0, 1];0
https://coinbase.com;[0, 0, 0, 0, 0, 0, 0, 0, 0, 0, 1, 0, 0, 0, 0, 0, 1, 1, 0];0
https://visualstudio.com;[0, 0, 0, 0, 0, 0, 0, 0, 0, 261, 0, 1, 0, 0, 0, 1, 0, 0, 1];0
https://telegra.ph;[0, 0, 0, 0, 0, 0, 0, 0, 0, 7, 0, 0, 0, 0, 0, 0, 1, 0, 0];0
https://fedex.com;[0, 0, 0, 0, 0, 0, 0, 1, 1, 322, 0, 1, 0, 0, 0, 1, 0, 0, 1];0
https://chewy.com;[0, 0, 0, 0, 0, 0, 0, 1, 0, 133, 0, 0, 0, 0, 0, 1, 1, 0, 0];0
https://springer.com;[0, 0, 0, 0, 0, 0, 0, 0, 0, 89, 0, 0, 0, 0, 0, 0, 0, 0, 0];0
https://t.co;[0, 0, 0, 0, 0, 0, 0, 0, 0, 14, 0, 1, 0, 0, 1, 0, 1, 0, 1];0
https://filman.cc;[0, 0, 0, 0, 0, 0, 0, 0, 0, 0, 1, 0, 0, 0, 0, 0, 1, 1, 0];0
https://youtu.be;[0, 0, 0, 0, 0, 0, 0, 0, 0, 24, 0, 1, 0, 0, 0, 1, 1, 1, 1];0
https://gettr.com;[0, 0, 0, 0, 0, 0, 0, 0, 0, 7, 0, 0, 0, 0, 0, 0, 1, 0, 0];0
https://edx.org;[0, 0, 0, 0, 0, 0, 0, 1, 0, 174, 0, 0, 0, 0, 0, 0, 0, 0, 0];0
https://webmd.com;[0, 0, 0, 0, 0, 0, 0, 1, 1, 301, 0, 1, 0, 0, 0, 1, 0, 0, 1];0
https://4channel.org;[0, 0, 0, 0, 0, 0, 0, 0, 0, 0, 1, 0, 0, 0, 0, 0, 1, 1, 0];0
https://oaxyteek.net;[0, 0, 0, 0, 0, 0, 0, 1, 1, 63, 0, 1, 0, 0, 0, 1, 1, 1, 1];0
https://google.az;[0, 0, 0, 0, 0, 0, 0, 1, 0, 30, 0, 1, 0, 0, 1, 0, 1, 0, 0];0
https://viki.com;[0, 0, 0, 0, 0, 0, 0, 1, 0, 70, 0, 1, 0, 0, 0, 1, 1, 0, 1];0
https://finviz.com;[0, 0, 0, 0, 0, 0, 0, 0, 0, 315, 0, 0, 0, 0, 0, 0, 0, 0, 0];0
https://nexusmods.com;[0, 0, 0, 0, 0, 0, 0, 0, 1, 584, 0, 1, 0, 0, 0, 1, 0, 0, 1];0
https://creditkarma.com;[0, 0, 0, 0, 0, 0, 0, 0, 0, 207, 0, 1, 0, 0, 0, 1, 0, 0, 1];0
https://codecanyon.net;[0, 0, 0, 0, 0, 0, 0, 0, 0, 672, 0, 0, 0, 0, 0, 1, 1, 0, 1];0
https://khanacademy.org;[0, 0, 0, 0, 0, 0, 0, 0, 0, 234, 0, 0, 0, 0, 0, 1, 0, 0, 1];0
https://buzzfeed.com;[0, 0, 0, 0, 0, 0, 0, 1, 0, 287, 0, 1, 0, 0, 0, 0, 0, 0, 0];0
https://doordash.com;[0, 0, 0, 0, 0, 0, 0, 1, 0, 2, 0, 0, 0, 0, 0, 0, 1, 0, 1];0
https://tutorialspoint.com;[0, 0, 0, 0, 0, 0, 0, 0, 0, 199, 0, 1, 0, 0, 0, 1, 0, 0, 0];0
https://rightmove.co.uk;[0, 0, 0, 0, 0, 0, 0, 0, 0, 146, 0, 0, 0, 0, 0, 1, 0, 0, 0];0
https://irna.ir;[0, 0, 0, 0, 0, 0, 0, 0, 0, 0, 1, 0, 0, 0, 0, 1, 1, 1, 1];0
https://activehosted.com;[0, 0, 0, 0, 0, 0, 0, 1, 1, 392, 0, 0, 0, 0, 0, 1, 1, 1, 1];0
https://monday.com;[0, 0, 0, 0, 0, 0, 0, 0, 1, 354, 0, 0, 0, 0, 0, 0, 0, 0, 0];0
https://ecosia.org;[0, 0, 0, 0, 0, 0, 0, 0, 0, 0, 1, 0, 0, 0, 0, 0, 1, 1, 0];0
https://aol.com;[0, 0, 0, 0, 0, 0, 0, 0, 0, 298, 0, 1, 0, 0, 0, 1, 0, 0, 1];0
https://billdesk.com;[0, 0, 0, 0, 0, 0, 0, 0, 0, 3, 0, 0, 0, 0, 0, 0, 1, 0, 0];0
https://convertio.co;[0, 0, 0, 0, 0, 0, 0, 1, 0, 48, 0, 0, 0, 0, 0, 1, 0, 0, 1];0
https://instagram.com/;[0, 0, 0, 0, 0, 0, 0, 1, 0, 7, 0, 1, 0, 0, 0, 1, 1, 0, 1];0
https://gyazo.com;[0, 0, 0, 0, 0, 0, 0, 0, 0, 80, 0, 0, 0, 0, 0, 1, 1, 0, 1];0
https://alternativeto.net;[0, 0, 0, 0, 0, 0, 0, 0, 0, 0, 1, 0, 0, 0, 0, 0, 1, 0, 0];0
https://amazon.ae;[0, 0, 0, 0, 0, 0, 1, 1, 1, 374, 0, 0, 0, 0, 0, 1, 0, 0, 0];0
https://xe.com;[0, 0, 0, 0, 0, 0, 0, 0, 0, 193, 0, 0, 0, 0, 0, 0, 1, 0, 0];0
https://studocu.com;[0, 0, 0, 0, 0, 0, 0, 1, 1, 509, 0, 1, 0, 1, 0, 1, 1, 0, 1];0
https://habr.com;[0, 0, 0, 0, 0, 0, 0, 0, 0, 263, 0, 0, 0, 0, 0, 1, 1, 0, 1];0
https://bytedance.com;[0, 0, 0, 0, 0, 0, 0, 1, 0, 69, 0, 1, 0, 0, 0, 0, 0, 0, 0];0
https://nordvpn.com;[0, 0, 0, 0, 0, 0, 0, 1, 0, 222, 0, 1, 0, 0, 0, 1, 0, 0, 1];0
https://cnet.com;[0, 0, 0, 0, 0, 0, 0, 1, 0, 342, 0, 0, 0, 0, 0, 0, 0, 0, 0];0
https://roudoduor.com;[0, 0, 0, 0, 0, 0, 0, 0, 0, 0, 1, 0, 0, 0, 0, 0, 1, 1, 0];0
https://huya.com;[0, 0, 0, 0, 0, 0, 0, 0, 1, 148, 0, 1, 0, 0, 0, 1, 0, 1, 0];0
https://newgrounds.com;[0, 0, 0, 0, 0, 0, 0, 0, 1, 325, 0, 1, 0, 0, 0, 1, 0, 0, 1];0
https://adp.com;[0, 0, 0, 0, 0, 0, 0, 0, 0, 302, 0, 0, 0, 0, 0, 0, 1, 0, 0];0
https://screenrant.com;[0, 0, 0, 0, 0, 0, 0, 0, 0, 216, 0, 0, 0, 0, 0, 1, 0, 0, 0];0
https://xiaoheimi.net;[0, 0, 0, 0, 0, 0, 0, 0, 0, 0, 1, 0, 0, 0, 0, 0, 1, 1, 0];0
https://pixlr.com;[0, 0, 0, 0, 0, 0, 0, 0, 0, 228, 0, 0, 0, 0, 0, 0, 0, 0, 0];0
https://teacherspayteachers.com;[0, 0, 0, 0, 0, 0, 0, 0, 0, 131, 0, 0, 0, 0, 0, 1, 1, 0, 1];0
https://themoviedb.org;[0, 0, 0, 0, 0, 0, 0, 1, 0, 97, 0, 0, 0, 0, 0, 0, 1, 0, 0];0
https://azertag.az;[0, 0, 0, 0, 0, 0, 0, 0, 0, 383, 0, 0, 0, 0, 0, 0, 1, 1, 0];0
https://bpi.ir;[0, 0, 0, 0, 0, 0, 0, 0, 0, 6, 0, 1, 0, 0, 0, 0, 1, 1, 0];0
https://brainly.in;[0, 0, 0, 0, 0, 0, 0, 0, 0, 3, 0, 1, 0, 0, 0, 0, 1, 0, 0];0
https://vecteezy.com;[0, 0, 0, 0, 0, 0, 0, 1, 0, 539, 0, 1, 0, 0, 0, 1, 0, 0, 0];0
https://acesso.gov.br;[0, 0, 0, 0, 0, 0, 0, 0, 0, 5, 0, 0, 0, 0, 0, 1, 1, 0, 0];0
https://dw.com;[0, 0, 0, 0, 0, 0, 0, 1, 0, 2, 0, 0, 0, 0, 0, 0, 1, 1, 0];0
https://hanime.tv;[0, 0, 0, 0, 0, 0, 0, 0, 0, 68, 0, 0, 0, 0, 0, 1, 1, 0, 0];0
https://eventbrite.com;[0, 0, 0, 0, 0, 0, 0, 0, 0, 100, 0, 1, 0, 0, 0, 1, 1, 0, 1];0
https://latimes.com;[0, 0, 0, 0, 0, 0, 0, 1, 1, 488, 0, 1, 0, 0, 0, 1, 0, 0, 0];0
https://shop.app;[0, 0, 0, 0, 0, 0, 0, 0, 0, 32, 0, 1, 0, 0, 0, 0, 1, 0, 0];0
https://javlibrary.com;[0, 0, 0, 0, 0, 0, 0, 0, 0, 8, 0, 0, 0, 0, 0, 0, 0, 0, 1];0
https://aznude.com;[0, 0, 0, 0, 0, 0, 0, 0, 1, 598, 0, 1, 0, 0, 0, 1, 0, 0, 1];0
https://acesso.gov.br;[0, 0, 0, 0, 0, 0, 0, 0, 0, 5, 0, 0, 0, 0, 0, 1, 1, 0, 0];0
https://google.com.ua;[0, 0, 0, 0, 0, 0, 0, 1, 0, 30, 0, 1, 0, 0, 1, 0, 1, 0, 0];0
https://umich.edu;[0, 0, 0, 0, 0, 0, 0, 0, 0, 135, 0, 1, 0, 0, 0, 0, 1, 0, 0];0
https://mheducation.com;[0, 0, 0, 0, 0, 0, 0, 0, 0, 132, 0, 1, 0, 0, 0, 0, 1, 0, 0];0
https://jkanime.net;[0, 0, 0, 0, 0, 0, 0, 0, 0, 0, 1, 0, 0, 0, 0, 0, 1, 1, 0];0
https://calculator.net;[0, 0, 0, 0, 0, 0, 0, 0, 0, 63, 0, 0, 0, 0, 0, 0, 1, 0, 1];0
https://blooket.com;[0, 0, 0, 0, 0, 0, 0, 0, 0, 21, 0, 1, 0, 0, 0, 0, 0, 0, 0];0
https://thegamer.com;[0, 0, 0, 0, 0, 0, 0, 0, 0, 195, 0, 0, 0, 0, 0, 1, 0, 0, 0];0
https://wcofun.net;[0, 0, 0, 0, 0, 0, 0, 0, 0, 0, 1, 0, 0, 0, 0, 0, 1, 1, 0];0
https://pinimg.com;[0, 0, 0, 0, 0, 0, 0, 0, 0, 26, 0, 1, 0, 0, 0, 0, 0, 1, 1];0
https://nfl.com;[0, 0, 0, 0, 0, 0, 0, 1, 0, 426, 0, 1, 0, 0, 0, 1, 0, 0, 1];0
https://uber.com;[0, 0, 0, 0, 0, 0, 0, 0, 0, 0, 1, 0, 0, 0, 0, 0, 1, 1, 0];0
https://nba.com;[0, 0, 0, 0, 0, 0, 0, 0, 0, 186, 0, 1, 0, 0, 0, 1, 1, 0, 1];0
https://doubleclick.net;[0, 0, 0, 0, 0, 0, 0, 0, 0, 109, 0, 0, 0, 0, 0, 1, 1, 1, 1];0
https://veed.io;[0, 0, 0, 0, 0, 0, 0, 0, 0, 297, 0, 0, 0, 0, 0, 0, 0, 0, 0];0
https://ibb.co;[0, 0, 0, 0, 0, 0, 0, 0, 0, 63, 0, 1, 0, 0, 0, 1, 1, 1, 1];0
https://lever.co;[0, 0, 0, 0, 0, 0, 0, 1, 0, 172, 0, 1, 0, 0, 0, 1, 0, 0, 1];0
https://odoo.com;[0, 0, 0, 0, 0, 0, 0, 0, 0, 217, 0, 0, 0, 0, 0, 1, 1, 0, 1];0
https://doordash.com;[0, 0, 0, 0, 0, 0, 0, 1, 0, 2, 0, 0, 0, 0, 0, 0, 1, 0, 1];0
https://e621.net;[0, 0, 0, 0, 0, 0, 0, 0, 0, 26, 0, 0, 0, 0, 0, 0, 1, 0, 0];0
https://hostinger.in;[0, 0, 0, 0, 0, 0, 0, 0, 0, 263, 0, 1, 0, 0, 0, 0, 0, 0, 0];0
https://tmz.com;[0, 0, 0, 0, 0, 0, 0, 0, 0, 454, 0, 1, 0, 0, 0, 1, 1, 0, 1];0
https://razorpay.com;[0, 0, 0, 0, 0, 0, 0, 0, 0, 297, 0, 0, 0, 0, 0, 0, 1, 0, 0];0
https://blooket.com;[0, 0, 0, 0, 0, 0, 0, 0, 0, 21, 0, 1, 0, 0, 0, 0, 0, 0, 0];0
https://flashscore.com;[0, 0, 0, 0, 0, 0, 0, 0, 0, 497, 0, 0, 0, 0, 0, 0, 0, 0, 0];0
https://linkedin.com;[0, 0, 0, 0, 0, 0, 0, 0, 1, 126, 0, 1, 0, 0, 0, 1, 1, 0, 1];0
https://brightspace.com;[0, 0, 0, 0, 0, 0, 0, 1, 0, 303, 0, 1, 0, 0, 0, 1, 0, 0, 1];0
https://makemytrip.com;[0, 0, 0, 0, 0, 0, 0, 1, 0, 7, 0, 1, 0, 0, 0, 1, 1, 0, 0];0
https://coursehero.com;[0, 0, 0, 0, 0, 0, 0, 0, 0, 76, 0, 1, 0, 0, 0, 1, 1, 0, 0];0
https://usaa.com;[0, 0, 0, 0, 0, 0, 0, 0, 0, 82, 0, 0, 0, 0, 0, 0, 1, 0, 0];0
https://crunchbase.com;[0, 0, 0, 0, 0, 0, 0, 0, 0, 165, 0, 0, 0, 0, 0, 0, 0, 0, 0];0
https://bit.ly;[0, 0, 0, 0, 0, 0, 0, 0, 0, 149, 0, 1, 0, 0, 0, 1, 1, 1, 1];0
https://mercadolibre.com.ve;[0, 0, 0, 0, 0, 0, 0, 1, 1, 159, 0, 1, 0, 0, 0, 1, 0, 0, 1];0
https://javgg.net;[0, 0, 0, 0, 0, 0, 0, 0, 0, 0, 1, 0, 0, 0, 0, 0, 1, 1, 0];0
https://epfindia.gov.in;[0, 0, 0, 0, 0, 0, 0, 1, 0, 435, 0, 0, 0, 0, 0, 0, 1, 1, 0];0
https://amazon.com;[0, 0, 0, 0, 0, 0, 1, 0, 0, 4, 0, 1, 0, 1, 0, 1, 0, 1, 0];0
https://files.wordpress.com;[0, 0, 0, 0, 0, 0, 0, 0, 0, 185, 0, 1, 0, 0, 0, 1, 1, 0, 1];0
https://odoo.com;[0, 0, 0, 0, 0, 0, 0, 0, 0, 217, 0, 0, 0, 0, 0, 1, 1, 0, 1];0
https://myfonts.com;[0, 0, 0, 0, 0, 0, 0, 1, 0, 79, 0, 0, 0, 0, 0, 1, 1, 0, 1];0
https://amazon.com.mx;[0, 0, 0, 0, 0, 0, 1, 0, 0, 4, 0, 1, 0, 1, 0, 1, 0, 1, 0];0
https://peacocktv.com;[0, 0, 0, 0, 0, 0, 0, 0, 0, 32, 0, 0, 0, 0, 1, 1, 0, 0, 1];0
https://huya.com;[0, 0, 0, 0, 0, 0, 0, 0, 1, 148, 0, 1, 0, 0, 0, 1, 0, 1, 0];0
https://rumble.com;[0, 0, 0, 0, 0, 0, 0, 1, 0, 113, 0, 0, 0, 0, 0, 0, 0, 0, 0];0
https://nintendo.com;[0, 0, 0, 0, 0, 0, 0, 1, 0, 143, 0, 0, 0, 0, 0, 0, 0, 0, 1];0
https://telegra.ph;[0, 0, 0, 0, 0, 0, 0, 0, 0, 7, 0, 0, 0, 0, 0, 0, 1, 0, 0];0
https://sportskeeda.com;[0, 0, 0, 0, 0, 0, 0, 1, 0, 1802, 0, 1, 0, 0, 0, 0, 0, 0, 1];0
https://zapier.com;[0, 0, 0, 0, 0, 0, 0, 0, 0, 321, 0, 0, 0, 0, 0, 1, 1, 0, 1];0
https://medlineplus.gov;[0, 0, 0, 0, 0, 0, 0, 0, 1, 74, 0, 0, 0, 0, 0, 0, 1, 0, 0];0
https://freepik.es;[0, 0, 0, 0, 0, 0, 0, 0, 0, 135, 0, 1, 0, 0, 0, 1, 0, 0, 1];0
https://marketwatch.com;[0, 0, 0, 0, 0, 0, 0, 1, 0, 463, 0, 1, 0, 0, 0, 1, 0, 0, 1];0
https://etoro.com;[0, 0, 0, 0, 0, 0, 0, 0, 0, 0, 1, 0, 0, 0, 0, 0, 1, 0, 0];0
https://cloudinary.com;[0, 0, 0, 0, 0, 0, 0, 0, 0, 160, 0, 0, 0, 0, 0, 1, 0, 0, 1];0
https://yandex.com;[0, 0, 0, 0, 0, 0, 0, 1, 0, 26, 0, 1, 0, 0, 0, 1, 0, 0, 1];0
https://docker.com;[0, 0, 0, 0, 0, 0, 0, 1, 0, 214, 0, 0, 0, 0, 0, 1, 0, 0, 1];0
https://biblegateway.com;[0, 0, 0, 0, 0, 0, 0, 0, 0, 87, 0, 0, 0, 0, 0, 0, 0, 0, 0];0
https://marca.com;[0, 0, 0, 0, 0, 0, 0, 0, 0, 701, 0, 1, 0, 0, 0, 1, 1, 0, 1];0
https://libvio.me;[0, 0, 0, 0, 0, 0, 0, 0, 0, 0, 1, 0, 0, 0, 0, 0, 1, 1, 0];0
https://bytedance.net;[0, 0, 0, 0, 0, 0, 0, 0, 0, 7, 0, 1, 0, 0, 0, 1, 1, 0, 0];0
https://jut.su;[0, 0, 0, 0, 0, 0, 0, 0, 1, 172, 0, 0, 0, 0, 0, 1, 1, 1, 0];0
https://ashemaletube.com;[0, 0, 0, 0, 0, 0, 0, 0, 1, 883, 0, 0, 0, 0, 0, 1, 0, 0, 1];0
https://onelogin.com;[0, 0, 0, 0, 0, 0, 0, 1, 0, 168, 0, 0, 0, 0, 0, 0, 1, 0, 0];0
https://cdc.gov;[0, 0, 0, 0, 0, 0, 0, 0, 1, 208, 0, 1, 0, 0, 0, 0, 1, 0, 0];0
https://crazygames.com;[0, 0, 0, 0, 0, 0, 0, 1, 0, 354, 0, 1, 0, 0, 0, 0, 1, 0, 1];0
https://hdtoday.tv;[0, 0, 0, 0, 0, 0, 0, 0, 0, 24, 0, 0, 0, 0, 0, 1, 0, 0, 1];0
https://toyota.com;[0, 0, 0, 0, 0, 0, 0, 1, 0, 345, 0, 0, 0, 0, 0, 0, 0, 0, 0];0
https://freshdesk.com;[0, 0, 0, 0, 0, 0, 0, 1, 0, 211, 0, 1, 0, 0, 0, 1, 1, 0, 0];0
https://groww.in;[0, 0, 0, 0, 0, 0, 0, 0, 0, 133, 0, 0, 0, 0, 0, 1, 1, 0, 0];0
https://verizon.com;[0, 0, 0, 0, 0, 0, 0, 1, 0, 241, 0, 1, 0, 0, 0, 1, 1, 0, 0];0
https://newegg.com;[0, 0, 0, 0, 0, 0, 0, 0, 1, 230, 0, 1, 0, 0, 0, 1, 0, 0, 1];0
https://npr.org;[0, 0, 0, 0, 0, 0, 0, 0, 0, 291, 0, 1, 0, 0, 0, 1, 1, 0, 1];0
https://xiaomi.com;[0, 0, 0, 0, 0, 0, 0, 0, 0, 119, 0, 1, 0, 0, 0, 1, 0, 0, 1];0
https://un.org;[0, 0, 0, 0, 0, 0, 0, 0, 0, 20, 0, 1, 0, 0, 0, 1, 1, 1, 1];0
https://fdown.net;[0, 0, 0, 0, 0, 0, 0, 0, 0, 0, 1, 0, 0, 0, 0, 0, 1, 1, 0];0
https://gametu.net;[0, 0, 0, 0, 0, 0, 0, 0, 0, 53, 0, 0, 0, 0, 0, 0, 1, 1, 0];0
https://google.com.pk;[0, 0, 0, 0, 0, 0, 0, 1, 0, 30, 0, 1, 0, 0, 1, 0, 1, 0, 0];0
https://teachable.com;[0, 0, 0, 0, 0, 0, 0, 1, 1, 95, 0, 1, 0, 0, 0, 0, 0, 0, 0];0
https://exoclick.com;[0, 0, 0, 0, 0, 0, 0, 1, 0, 122, 0, 1, 0, 0, 0, 1, 0, 0, 1];0
https://shrinke.me;[0, 0, 0, 0, 0, 0, 0, 0, 0, 46, 0, 0, 0, 0, 0, 1, 1, 0, 1];0
https://forbes.com;[0, 0, 0, 0, 0, 0, 0, 1, 0, 201, 0, 1, 0, 0, 1, 1, 0, 0, 1];0
https://shein.com;[0, 0, 0, 0, 0, 0, 0, 1, 0, 56, 0, 1, 0, 0, 0, 1, 0, 0, 0];0
https://schwab.com;[0, 0, 0, 0, 0, 0, 0, 0, 0, 417, 0, 1, 0, 0, 0, 0, 1, 0, 0];0
https://piliapp.com;[0, 0, 0, 0, 0, 0, 0, 1, 0, 171, 0, 0, 0, 0, 0, 0, 1, 0, 1];0
https://greenhouse.io;[0, 0, 0, 0, 0, 0, 0, 0, 0, 126, 0, 1, 0, 0, 0, 1, 0, 0, 0];0
https://freemake.com;[0, 0, 0, 0, 0, 0, 0, 0, 1, 50, 0, 0, 1, 0, 0, 0, 1, 0, 0];0
https://macys.com;[0, 0, 0, 0, 0, 0, 0, 0, 0, 460, 0, 0, 0, 0, 0, 1, 1, 0, 0];0
https://news18.com;[0, 0, 0, 0, 0, 0, 0, 1, 0, 852, 0, 1, 0, 0, 0, 0, 0, 0, 1];0
https://xhamster3.com;[0, 0, 0, 0, 0, 0, 0, 0, 1, 405, 0, 0, 0, 0, 0, 1, 0, 0, 1];0
https://t-mobile.com;[0, 1, 0, 0, 0, 0, 0, 0, 0, 228, 0, 0, 0, 0, 0, 0, 1, 0, 0];0
https://adyen.com;[0, 0, 0, 0, 0, 0, 0, 0, 0, 79, 0, 1, 0, 0, 0, 0, 0, 0, 0];0
https://vitalsource.com;[0, 0, 0, 0, 0, 0, 0, 0, 0, 0, 1, 0, 0, 0, 0, 0, 1, 1, 0];0
https://successfactors.com;[0, 0, 0, 0, 0, 0, 0, 1, 1, 94, 0, 1, 0, 0, 0, 0, 1, 0, 0];0
https://xhday.com;[0, 0, 0, 0, 0, 0, 0, 1, 1, 406, 0, 1, 0, 0, 0, 1, 1, 1, 1];0
https://betano.com;[0, 0, 0, 0, 0, 0, 0, 0, 0, 25, 0, 0, 0, 0, 1, 1, 1, 0, 1];0
https://royalmail.com;[0, 0, 0, 0, 0, 0, 0, 1, 0, 156, 0, 0, 0, 0, 0, 0, 0, 0, 0];0
https://wordcounter.net;[0, 0, 0, 0, 0, 0, 0, 0, 0, 72, 0, 0, 1, 0, 0, 0, 1, 0, 0];0
https://zoho.in;[0, 0, 0, 0, 0, 0, 0, 0, 0, 58, 0, 0, 0, 0, 0, 1, 1, 0, 1];0
https://xe.com;[0, 0, 0, 0, 0, 0, 0, 0, 0, 193, 0, 0, 0, 0, 0, 0, 1, 0, 0];0
https://amazon.com.mx;[0, 0, 0, 0, 0, 0, 1, 0, 0, 4, 0, 1, 0, 1, 0, 1, 0, 1, 0];0
https://anonfiles.com;[0, 0, 0, 0, 0, 0, 0, 0, 0, 42, 0, 0, 0, 0, 0, 0, 1, 0, 0];0
https://mangakakalot.com;[0, 0, 0, 0, 0, 0, 0, 0, 0, 476, 0, 0, 0, 0, 0, 0, 0, 0, 0];0
https://game8.co;[0, 0, 0, 0, 0, 0, 0, 0, 0, 227, 0, 1, 0, 0, 0, 1, 0, 0, 1];0
https://gitbook.io;[0, 0, 0, 0, 0, 0, 0, 1, 0, 77, 0, 0, 0, 0, 0, 1, 0, 0, 0];0
https://business.site;[0, 0, 0, 0, 0, 0, 0, 0, 0, 81, 0, 1, 0, 0, 0, 1, 1, 0, 0];0
https://force.com;[0, 0, 0, 0, 0, 0, 0, 0, 0, 190, 0, 1, 0, 0, 0, 1, 1, 0, 1];0
https://123rf.com;[0, 0, 0, 0, 0, 0, 0, 0, 0, 230, 0, 1, 0, 0, 0, 1, 0, 0, 1];0
https://temu.com;[0, 0, 0, 0, 0, 0, 0, 1, 0, 72, 0, 0, 0, 0, 0, 1, 1, 0, 1];0
https://vice.com;[0, 0, 0, 0, 0, 0, 0, 1, 0, 81, 0, 0, 0, 0, 0, 0, 0, 0, 1];0
https://steamdb.info;[0, 0, 0, 0, 0, 0, 0, 1, 0, 0, 1, 0, 0, 0, 0, 0, 1, 0, 0];0
https://avgle.com;[0, 0, 0, 0, 0, 0, 0, 1, 1, 432, 0, 0, 0, 0, 0, 0, 1, 0, 0];0
https://w3schools.com;[0, 0, 0, 0, 0, 0, 0, 0, 0, 383, 0, 0, 0, 0, 0, 0, 1, 0, 0];0
https://temp-mail.org;[0, 1, 0, 0, 0, 0, 0, 0, 0, 1, 0, 1, 0, 0, 1, 0, 1, 1, 0];0
https://google.co.il;[0, 0, 0, 0, 0, 0, 0, 1, 0, 30, 0, 1, 0, 0, 1, 0, 1, 0, 0];0
https://cept.gov.in;[0, 0, 0, 0, 0, 0, 0, 0, 1, 25, 0, 0, 0, 0, 0, 0, 1, 0, 0];0
https://runescape.wiki;[0, 0, 0, 0, 0, 0, 0, 0, 0, 201, 0, 0, 0, 0, 0, 0, 1, 0, 0];0
https://disqus.com;[0, 0, 0, 0, 0, 0, 0, 0, 0, 1, 0, 1, 0, 0, 0, 0, 1, 0, 1];0
https://123rf.com;[0, 0, 0, 0, 0, 0, 0, 0, 0, 230, 0, 1, 0, 0, 0, 1, 0, 0, 1];0
https://zerohedge.com;[0, 0, 0, 0, 0, 0, 0, 0, 0, 239, 0, 0, 0, 0, 0, 0, 1, 0, 0];0
https://lazada.com.my;[0, 0, 0, 0, 0, 0, 0, 0, 0, 84, 0, 1, 0, 0, 0, 1, 0, 0, 1];0
https://whatismyipaddress.com;[0, 0, 0, 0, 0, 0, 0, 0, 0, 0, 1, 0, 0, 0, 0, 0, 1, 1, 0];0
https://asu.edu;[0, 0, 0, 0, 0, 0, 0, 0, 0, 96, 0, 1, 0, 0, 0, 0, 1, 0, 0];0
https://mongodb.com;[0, 0, 0, 0, 0, 0, 0, 0, 1, 155, 0, 1, 0, 0, 0, 1, 0, 0, 0];0
https://royalmail.com;[0, 0, 0, 0, 0, 0, 0, 1, 0, 156, 0, 0, 0, 0, 0, 0, 0, 0, 0];0
https://mangakakalot.com;[0, 0, 0, 0, 0, 0, 0, 0, 0, 476, 0, 0, 0, 0, 0, 0, 0, 0, 0];0
https://acwing.com;[0, 0, 0, 0, 0, 0, 0, 0, 1, 90, 0, 0, 0, 0, 0, 1, 0, 0, 1];0
https://kohls.com;[0, 0, 0, 0, 0, 0, 0, 0, 0, 161, 0, 0, 0, 0, 0, 1, 1, 0, 0];0
https://brainly.com;[0, 0, 0, 0, 0, 0, 0, 0, 0, 3, 0, 1, 0, 0, 0, 0, 1, 0, 0];0
https://apkpure.com;[0, 0, 0, 0, 0, 0, 0, 0, 0, 0, 1, 0, 0, 0, 0, 0, 1, 1, 0];0
https://erome.com;[0, 0, 0, 0, 0, 0, 0, 0, 0, 16, 0, 1, 0, 0, 0, 1, 1, 0, 0];0
https://duplichecker.com;[0, 0, 0, 0, 0, 0, 0, 0, 1, 245, 0, 1, 0, 0, 0, 1, 0, 0, 1];0
https://gyazo.com;[0, 0, 0, 0, 0, 0, 0, 0, 0, 80, 0, 0, 0, 0, 0, 1, 1, 0, 1];0
https://123rf.com;[0, 0, 0, 0, 0, 0, 0, 0, 0, 230, 0, 1, 0, 0, 0, 1, 0, 0, 1];0
https://quizizz.com;[0, 0, 0, 0, 0, 0, 0, 1, 0, 1109, 0, 0, 0, 0, 0, 0, 1, 0, 0];0
https://2annalea.com;[0, 0, 0, 0, 0, 0, 0, 1, 0, 3, 0, 1, 0, 0, 0, 0, 1, 0, 0];0
https://w3.org;[0, 0, 0, 0, 0, 0, 0, 0, 1, 134, 0, 1, 0, 0, 0, 0, 1, 1, 0];0
https://sarkariresult.com;[0, 0, 0, 0, 0, 0, 0, 0, 0, 210, 0, 1, 0, 0, 0, 0, 0, 0, 0];0
https://rawkuma.com;[0, 0, 0, 0, 0, 0, 0, 0, 0, 663, 0, 0, 0, 0, 0, 0, 1, 0, 0];0
https://11st.co.kr;[0, 0, 0, 0, 0, 0, 0, 0, 0, 10, 0, 1, 0, 0, 0, 1, 1, 1, 1];0
https://azure.com;[0, 0, 0, 0, 0, 0, 1, 1, 1, 674, 0, 1, 0, 0, 0, 1, 1, 0, 0];0
https://teamviewer.com;[0, 0, 0, 0, 0, 0, 0, 0, 0, 267, 0, 1, 0, 0, 0, 0, 1, 0, 1];0
https://lastpass.com;[0, 0, 0, 0, 0, 0, 0, 0, 0, 146, 0, 0, 0, 0, 0, 1, 0, 0, 0];0
https://trendyol.com;[0, 0, 0, 0, 0, 0, 0, 0, 0, 251, 0, 1, 0, 0, 0, 1, 1, 0, 0];0
https://zendesk.com;[0, 0, 0, 0, 0, 0, 0, 0, 0, 191, 0, 0, 0, 0, 0, 1, 0, 0, 1];0
https://blizzard.com;[0, 0, 0, 0, 0, 0, 0, 0, 0, 12, 0, 1, 0, 0, 0, 1, 1, 0, 1];0
https://fotor.com;[0, 0, 0, 0, 0, 0, 0, 1, 0, 171, 0, 1, 0, 0, 0, 1, 1, 0, 1];0
https://blogger.com;[0, 0, 0, 0, 0, 0, 0, 0, 0, 60, 0, 1, 0, 0, 0, 1, 1, 0, 0];0
https://subscene.com;[0, 0, 0, 0, 0, 0, 0, 0, 0, 0, 1, 0, 0, 0, 0, 0, 1, 1, 0];0
https://abc.net.au;[0, 0, 0, 0, 0, 0, 0, 0, 0, 133, 0, 1, 0, 0, 0, 0, 0, 0, 0];0
https://dell.com;[0, 0, 0, 0, 0, 0, 0, 1, 0, 251, 0, 1, 0, 0, 0, 1, 0, 0, 0];0
https://daraz.pk;[0, 0, 0, 0, 0, 0, 0, 0, 0, 1125, 0, 1, 0, 0, 0, 1, 0, 0, 1];0
https://etherscan.io;[0, 0, 0, 0, 0, 0, 0, 1, 0, 175, 0, 0, 0, 0, 0, 1, 1, 0, 0];0
https://finviz.com;[0, 0, 0, 0, 0, 0, 0, 0, 0, 315, 0, 0, 0, 0, 0, 0, 0, 0, 0];0
https://blogger.com;[0, 0, 0, 0, 0, 0, 0, 0, 0, 60, 0, 1, 0, 0, 0, 1, 1, 0, 0];0
https://hoyoverse.com;[0, 0, 0, 0, 0, 0, 0, 1, 0, 65, 0, 1, 0, 0, 0, 1, 1, 0, 0];0
https://elmundo.es;[0, 0, 0, 0, 0, 0, 0, 0, 0, 403, 0, 1, 0, 0, 0, 1, 1, 0, 1];0
https://sxyprn.net;[0, 0, 0, 0, 0, 0, 0, 1, 0, 684, 0, 0, 0, 0, 0, 0, 1, 1, 0];0
https://utorrent.com;[0, 0, 0, 0, 0, 0, 0, 1, 0, 75, 0, 0, 0, 0, 0, 0, 1, 0, 0];0
https://deviantart.com;[0, 0, 0, 0, 0, 0, 0, 0, 1, 273, 0, 1, 0, 0, 0, 1, 0, 0, 1];0
https://imagebam.com;[0, 0, 0, 0, 0, 0, 0, 0, 0, 23, 0, 1, 0, 0, 0, 1, 1, 0, 1];0
https://google.com.pe;[0, 0, 0, 0, 0, 0, 0, 1, 0, 30, 0, 1, 0, 0, 1, 0, 1, 0, 0];0
https://codenong.com;[0, 0, 0, 0, 0, 0, 0, 0, 0, 59, 0, 0, 0, 0, 0, 0, 1, 1, 0];0
https://soap2day.ac;[0, 0, 0, 0, 0, 0, 0, 0, 0, 0, 1, 0, 0, 0, 0, 0, 1, 1, 0];0
https://doubleclick.net;[0, 0, 0, 0, 0, 0, 0, 0, 0, 109, 0, 0, 0, 0, 0, 1, 1, 1, 1];0
https://snaptik.app;[0, 0, 0, 0, 0, 0, 0, 0, 0, 35, 0, 0, 0, 0, 0, 0, 0, 0, 0];0
https://pingone.com;[0, 0, 0, 0, 0, 0, 0, 1, 0, 72, 0, 0, 0, 0, 0, 1, 0, 0, 0];0
https://volcengine.com;[0, 0, 0, 0, 0, 0, 0, 0, 0, 27, 0, 1, 0, 0, 0, 1, 1, 1, 1];0
https://collegeboard.org;[0, 0, 0, 0, 0, 0, 0, 0, 0, 37, 0, 1, 0, 0, 0, 1, 0, 0, 0];0
https://yande.re;[0, 0, 0, 0, 0, 0, 0, 0, 1, 503, 0, 1, 0, 0, 0, 1, 1, 0, 0];0
https://twilio.com;[0, 0, 0, 0, 0, 0, 0, 1, 0, 298, 0, 0, 0, 0, 0, 1, 0, 0, 0];0
https://outbrain.com;[0, 0, 0, 0, 0, 0, 0, 0, 1, 87, 0, 0, 0, 0, 0, 1, 0, 0, 0];0
https://finviz.com;[0, 0, 0, 0, 0, 0, 0, 0, 0, 315, 0, 0, 0, 0, 0, 0, 0, 0, 0];0
https://un.org;[0, 0, 0, 0, 0, 0, 0, 0, 0, 20, 0, 1, 0, 0, 0, 1, 1, 1, 1];0
https://webex.com;[0, 0, 0, 0, 0, 0, 0, 0, 0, 307, 0, 0, 0, 0, 0, 0, 1, 0, 0];0
https://elsevier.com;[0, 0, 0, 0, 0, 0, 0, 1, 1, 151, 0, 1, 0, 0, 0, 1, 0, 0, 1];0
https://pdf2go.com;[0, 0, 0, 0, 0, 0, 0, 0, 0, 158, 0, 1, 0, 0, 0, 1, 1, 0, 1];0
https://walmart.com;[0, 0, 0, 0, 0, 0, 0, 0, 0, 89, 0, 1, 0, 0, 0, 1, 0, 0, 0];0
https://xataka.com;[0, 0, 0, 0, 0, 0, 0, 0, 1, 533, 0, 1, 0, 0, 0, 1, 1, 0, 1];0
https://komiku.id;[0, 0, 0, 0, 0, 0, 0, 0, 1, 208, 0, 0, 0, 0, 0, 0, 0, 0, 0];0
https://doujin-freee.com;[0, 1, 0, 0, 0, 0, 0, 0, 0, 1, 0, 1, 0, 0, 1, 0, 1, 1, 0];0
https://marriott.com;[0, 0, 0, 0, 0, 0, 0, 1, 0, 343, 0, 1, 0, 0, 0, 0, 0, 0, 1];0
https://wpbeginner.com;[0, 0, 0, 0, 0, 0, 0, 1, 1, 284, 0, 1, 0, 0, 0, 1, 0, 0, 1];0
https://sagepub.com;[0, 0, 0, 0, 0, 0, 0, 0, 1, 138, 0, 0, 0, 0, 0, 1, 0, 0, 1];0
https://tableau.com;[0, 0, 0, 0, 0, 0, 0, 1, 0, 200, 0, 0, 0, 0, 0, 1, 0, 0, 0];0
https://awsapps.com;[0, 0, 0, 0, 0, 0, 0, 0, 0, 0, 1, 0, 0, 0, 0, 0, 1, 1, 0];0
https://time.is;[0, 0, 0, 0, 0, 0, 0, 0, 0, 153, 0, 1, 0, 0, 0, 0, 1, 0, 0];0
https://adyen.com;[0, 0, 0, 0, 0, 0, 0, 0, 0, 79, 0, 1, 0, 0, 0, 0, 0, 0, 0];0
https://news.com.au;[0, 0, 0, 0, 0, 0, 0, 0, 0, 805, 0, 0, 0, 0, 0, 1, 1, 0, 1];0
https://habr.com;[0, 0, 0, 0, 0, 0, 0, 0, 0, 263, 0, 0, 0, 0, 0, 1, 1, 0, 1];0
https://quillbot.com;[0, 0, 0, 0, 0, 0, 0, 0, 0, 0, 1, 0, 0, 0, 0, 0, 1, 1, 0];0
https://gametu.net;[0, 0, 0, 0, 0, 0, 0, 0, 0, 53, 0, 0, 0, 0, 0, 0, 1, 1, 0];0
https://azertag.az;[0, 0, 0, 0, 0, 0, 0, 0, 0, 383, 0, 0, 0, 0, 0, 0, 1, 1, 0];0
https://ssa.gov;[0, 0, 0, 0, 0, 0, 0, 1, 0, 117, 0, 0, 0, 0, 0, 0, 1, 0, 0];0
https://ndtv.com;[0, 0, 0, 0, 0, 0, 0, 0, 1, 606, 0, 1, 0, 0, 0, 1, 0, 0, 1];0
https://bangbros.com;[0, 0, 0, 0, 0, 0, 0, 1, 0, 549, 0, 0, 0, 0, 0, 0, 1, 0, 1];0
https://zara.com;[0, 0, 0, 0, 0, 0, 0, 0, 0, 0, 1, 0, 0, 0, 0, 0, 1, 1, 0];0
https://cept.gov.in;[0, 0, 0, 0, 0, 0, 0, 0, 1, 25, 0, 0, 0, 0, 0, 0, 1, 0, 0];0
https://odoo.com;[0, 0, 0, 0, 0, 0, 0, 0, 0, 217, 0, 0, 0, 0, 0, 1, 1, 0, 1];0
https://libvio.me;[0, 0, 0, 0, 0, 0, 0, 0, 0, 0, 1, 0, 0, 0, 0, 0, 1, 1, 0];0
https://gofundme.com;[0, 0, 0, 0, 0, 0, 0, 0, 0, 89, 0, 0, 0, 0, 0, 1, 0, 0, 0];0
https://bt-tt.com;[0, 1, 0, 0, 0, 0, 0, 0, 0, 123, 0, 0, 0, 0, 0, 0, 1, 1, 0];0
https://cbssports.com;[0, 0, 0, 0, 0, 0, 0, 0, 1, 611, 0, 0, 0, 0, 0, 1, 0, 0, 0];0
https://ssstwitter.com;[0, 0, 0, 0, 0, 0, 0, 0, 0, 35, 0, 0, 0, 0, 0, 0, 0, 0, 0];0
https://mydramalist.com;[0, 0, 0, 0, 0, 0, 0, 0, 0, 391, 0, 0, 0, 0, 0, 1, 1, 0, 0];0
https://panopto.com;[0, 0, 0, 0, 0, 0, 0, 1, 1, 326, 0, 1, 0, 0, 0, 1, 0, 0, 1];0
https://pngegg.com;[0, 0, 0, 0, 0, 0, 0, 1, 1, 120, 0, 1, 0, 0, 0, 1, 0, 0, 1];0
https://ukr.net;[0, 0, 0, 0, 0, 0, 0, 1, 0, 5, 0, 1, 0, 0, 0, 0, 1, 1, 0];0
https://ticketmaster.com;[0, 0, 0, 0, 0, 0, 0, 0, 0, 204, 0, 0, 0, 0, 0, 0, 0, 0, 0];0
https://towardsdatascience.com;[0, 0, 0, 0, 0, 0, 0, 0, 0, 233, 0, 1, 0, 0, 0, 1, 1, 0, 1];0
https://socialblade.com;[0, 0, 0, 0, 0, 0, 0, 0, 0, 1, 0, 1, 0, 0, 1, 0, 1, 1, 0];0
https://colamanhua.com;[0, 0, 0, 0, 0, 0, 0, 0, 0, 0, 1, 0, 0, 0, 0, 0, 1, 1, 0];0
https://usbank.com;[0, 0, 0, 0, 0, 0, 0, 0, 0, 236, 0, 0, 0, 0, 0, 0, 1, 0, 0];0
https://freepikcompany.com;[0, 0, 0, 0, 0, 0, 0, 0, 0, 85, 0, 0, 0, 0, 0, 0, 0, 0, 0];0
https://coursera.org;[0, 0, 0, 0, 0, 0, 0, 1, 0, 439, 0, 1, 0, 0, 0, 1, 0, 0, 1];0
https://7mmtv.sx;[0, 0, 0, 0, 0, 0, 0, 0, 0, 199, 0, 0, 0, 0, 0, 0, 0, 0, 0];0
https://line.me;[0, 0, 0, 0, 0, 0, 0, 1, 0, 195, 0, 0, 0, 0, 0, 0, 0, 0, 0];0
https://google.co.ve;[0, 0, 0, 0, 0, 0, 0, 1, 0, 30, 0, 1, 0, 0, 1, 0, 1, 0, 0];0
https://accenture.com;[0, 0, 0, 0, 0, 0, 0, 0, 0, 253, 0, 0, 0, 0, 0, 0, 0, 0, 0];0
https://tinypng.com;[0, 0, 0, 0, 0, 0, 0, 0, 0, 48, 0, 0, 0, 0, 0, 0, 0, 0, 0];0
https://turnitin.com;[0, 0, 0, 0, 0, 0, 0, 0, 0, 94, 0, 0, 0, 0, 0, 0, 0, 0, 1];0
https://temp-mail.org;[0, 1, 0, 0, 0, 0, 0, 0, 0, 1, 0, 1, 0, 0, 1, 0, 1, 1, 0];0
https://webflow.com;[0, 0, 0, 0, 0, 0, 0, 1, 0, 335, 0, 1, 0, 0, 0, 1, 1, 0, 1];0
https://tcgplayer.com;[0, 0, 0, 0, 0, 0, 0, 0, 0, 6, 0, 0, 0, 0, 0, 1, 1, 0, 0];0
https://netflix.com;[0, 0, 0, 0, 0, 0, 0, 0, 0, 31, 0, 1, 0, 0, 0, 1, 1, 0, 1];0
https://docker.com;[0, 0, 0, 0, 0, 0, 0, 1, 0, 214, 0, 0, 0, 0, 0, 1, 0, 0, 1];0
https://cambro.tv;[0, 0, 0, 0, 0, 0, 0, 1, 1, 194, 0, 1, 0, 0, 0, 1, 1, 0, 0];0
https://turbo.az;[0, 0, 0, 0, 0, 0, 0, 0, 0, 275, 0, 0, 0, 0, 0, 1, 1, 0, 1];0
https://jkanime.net;[0, 0, 0, 0, 0, 0, 0, 0, 0, 0, 1, 0, 0, 0, 0, 0, 1, 1, 0];0
https://programiz.com;[0, 0, 0, 0, 0, 0, 0, 0, 1, 190, 0, 0, 0, 0, 0, 0, 0, 0, 0];0
https://web.dev;[0, 0, 0, 0, 0, 0, 0, 0, 0, 93, 0, 0, 0, 0, 0, 0, 1, 0, 0];0
https://galpic.xyz;[0, 0, 0, 0, 0, 0, 0, 0, 0, 0, 1, 0, 0, 0, 0, 0, 1, 1, 0];0
https://liffswithabr.com;[0, 0, 0, 0, 0, 0, 0, 1, 0, 3, 0, 1, 0, 0, 0, 0, 1, 1, 1];0
https://mysmth.net;[0, 0, 0, 0, 0, 0, 0, 0, 0, 21, 0, 1, 0, 0, 0, 1, 1, 1, 1];0
https://marketwatch.com;[0, 0, 0, 0, 0, 0, 0, 1, 0, 463, 0, 1, 0, 0, 0, 1, 0, 0, 1];0
https://trip.com;[0, 0, 0, 0, 0, 0, 0, 0, 0, 152, 0, 0, 0, 0, 0, 1, 0, 0, 0];0
https://dictionary.com;[0, 0, 0, 0, 0, 0, 0, 0, 0, 128, 0, 1, 0, 0, 0, 0, 0, 0, 0];0
https://fandom.com;[0, 0, 0, 0, 0, 0, 0, 0, 1, 132, 0, 1, 0, 0, 0, 1, 0, 0, 1];0
https://thesun.co.uk;[0, 0, 0, 0, 0, 0, 0, 1, 0, 776, 0, 1, 0, 0, 0, 0, 0, 0, 1];0
https://uscis.gov;[0, 0, 0, 0, 0, 0, 0, 0, 0, 119, 0, 0, 0, 0, 0, 0, 1, 0, 0];0
https://ask.com;[0, 0, 0, 0, 0, 0, 0, 0, 0, 108, 0, 1, 0, 0, 0, 1, 0, 0, 1];0
https://statista.com;[0, 0, 0, 0, 0, 0, 0, 0, 0, 344, 0, 0, 0, 0, 0, 1, 1, 0, 1];0
https://vjav.com;[0, 0, 0, 0, 0, 0, 0, 0, 0, 89, 0, 0, 0, 0, 0, 0, 1, 0, 0];0
https://9anime.gs;[0, 0, 0, 0, 0, 0, 0, 0, 1, 12, 0, 0, 0, 0, 0, 1, 1, 0, 1];0
https://icims.com;[0, 0, 0, 0, 0, 0, 0, 1, 1, 755, 0, 1, 0, 0, 0, 1, 1, 0, 0];0
https://binance.com;[0, 0, 0, 0, 0, 0, 0, 0, 0, 194, 0, 1, 0, 0, 0, 1, 1, 0, 1];0
https://hetapus.com;[0, 0, 0, 0, 0, 0, 0, 0, 0, 0, 1, 0, 0, 0, 0, 0, 1, 1, 0];0
https://blogger.com;[0, 0, 0, 0, 0, 0, 0, 0, 0, 60, 0, 1, 0, 0, 0, 1, 1, 0, 0];0
https://op.gg;[0, 0, 0, 0, 0, 0, 0, 1, 0, 94, 0, 1, 0, 0, 0, 0, 1, 0, 1];0
https://gizmodo.com;[0, 0, 0, 0, 0, 0, 0, 1, 0, 251, 0, 1, 0, 0, 0, 0, 0, 0, 1];0
https://redhat.com;[0, 0, 0, 0, 0, 0, 0, 0, 1, 514, 0, 0, 0, 0, 0, 1, 1, 0, 0];0
https://tenor.com;[0, 0, 0, 0, 0, 0, 0, 0, 0, 306, 0, 0, 0, 0, 0, 0, 1, 0, 0];0
https://tdameritrade.com;[0, 0, 0, 0, 0, 0, 0, 0, 0, 300, 0, 1, 0, 0, 0, 1, 1, 0, 0];0
https://ionos.com;[0, 0, 0, 0, 0, 0, 0, 1, 0, 392, 0, 0, 0, 0, 0, 0, 0, 0, 0];0
https://mirror.co.uk;[0, 0, 0, 0, 0, 0, 0, 1, 0, 564, 0, 1, 0, 0, 0, 1, 1, 0, 1];0
https://hanime.tv;[0, 0, 0, 0, 0, 0, 0, 0, 0, 68, 0, 0, 0, 0, 0, 1, 1, 0, 0];0
https://mathworks.com;[0, 0, 0, 0, 0, 0, 0, 0, 0, 154, 0, 0, 0, 0, 0, 0, 0, 0, 0];0
https://cleartax.in;[0, 0, 0, 0, 0, 0, 0, 1, 1, 366, 0, 1, 0, 0, 0, 1, 0, 0, 1];0
https://testbook.com;[0, 0, 0, 0, 0, 0, 0, 0, 0, 458, 0, 0, 0, 0, 0, 0, 0, 0, 0];0
https://sony.com;[0, 0, 0, 0, 0, 0, 0, 1, 0, 0, 1, 0, 0, 0, 0, 0, 0, 0, 0];0
https://rarbgprx.org;[0, 0, 0, 0, 0, 0, 0, 0, 0, 36, 0, 0, 0, 0, 0, 1, 1, 0, 0];0
https://uniqlo.com;[0, 0, 0, 0, 0, 0, 0, 0, 1, 323, 0, 1, 0, 0, 0, 1, 0, 0, 1];0
https://adp.com;[0, 0, 0, 0, 0, 0, 0, 0, 0, 302, 0, 0, 0, 0, 0, 0, 1, 0, 0];0
https://clickbank.com;[0, 0, 0, 0, 0, 0, 0, 1, 0, 170, 0, 1, 0, 0, 0, 1, 1, 0, 1];0
https://reverso.net;[0, 0, 0, 0, 0, 0, 0, 0, 0, 70, 0, 1, 0, 0, 0, 1, 0, 0, 0];0
https://m-team.cc;[0, 1, 0, 0, 0, 0, 0, 0, 0, 5, 0, 1, 0, 0, 1, 0, 1, 0, 0];0
https://tiancity.com;[0, 0, 0, 0, 0, 0, 0, 0, 0, 0, 1, 0, 0, 0, 0, 0, 1, 1, 0];0
https://computrabajo.com;[0, 0, 0, 0, 0, 0, 0, 0, 0, 24, 0, 1, 0, 0, 0, 0, 1, 0, 0];0
https://mobile01.com;[0, 0, 0, 0, 0, 0, 0, 0, 0, 0, 1, 0, 0, 0, 0, 0, 1, 1, 0];0
https://youjizz.com;[0, 0, 0, 0, 0, 0, 0, 0, 0, 409, 0, 0, 0, 0, 0, 1, 1, 0, 0];0
https://tvtropes.org;[0, 0, 0, 0, 0, 0, 0, 1, 0, 269, 0, 0, 0, 0, 0, 1, 0, 0, 1];0
https://commbank.com.au;[0, 0, 0, 0, 0, 0, 0, 0, 0, 161, 0, 0, 0, 0, 0, 0, 1, 0, 0];0
https://tesla.com;[0, 0, 0, 0, 0, 0, 0, 1, 0, 51, 0, 0, 0, 0, 0, 0, 1, 0, 0];0
https://india.com;[0, 0, 0, 0, 0, 0, 0, 1, 1, 348, 0, 1, 0, 0, 0, 1, 1, 0, 1];0
https://caliente.mx;[0, 0, 0, 0, 0, 0, 0, 1, 0, 123, 0, 1, 0, 0, 1, 1, 1, 0, 1];0
https://nodejs.org;[0, 0, 0, 0, 0, 0, 0, 0, 0, 68, 0, 0, 0, 0, 0, 0, 1, 0, 0];0
https://nsw.gov.au;[0, 0, 0, 0, 0, 0, 0, 0, 0, 176, 0, 0, 0, 0, 0, 1, 1, 0, 0];0
https://vice.com;[0, 0, 0, 0, 0, 0, 0, 1, 0, 81, 0, 0, 0, 0, 0, 0, 0, 0, 1];0
https://spectrum.net;[0, 0, 0, 0, 0, 0, 0, 0, 0, 7, 0, 1, 0, 0, 1, 1, 1, 0, 0];0
https://smartsheet.com;[0, 0, 0, 0, 0, 0, 0, 0, 1, 200, 0, 1, 0, 0, 0, 0, 1, 0, 0];0
https://pexels.com;[0, 0, 0, 0, 0, 0, 0, 0, 0, 0, 1, 0, 0, 0, 0, 0, 1, 1, 0];0
https://goal.com;[0, 0, 0, 0, 0, 0, 0, 0, 0, 441, 0, 0, 0, 0, 0, 0, 1, 0, 0];0
https://cuny.edu;[0, 0, 0, 0, 0, 0, 0, 0, 1, 355, 0, 1, 0, 0, 0, 1, 0, 0, 1];0
https://copy.ai;[0, 0, 0, 0, 0, 0, 0, 0, 0, 145, 0, 1, 0, 0, 0, 1, 0, 0, 1];0
https://kickstarter.com;[0, 0, 0, 0, 0, 0, 0, 0, 0, 0, 1, 0, 0, 0, 0, 0, 1, 1, 0];0
https://abc.net.au;[0, 0, 0, 0, 0, 0, 0, 0, 0, 133, 0, 1, 0, 0, 0, 0, 0, 0, 0];0
https://skyscanner.net;[0, 0, 0, 0, 0, 0, 0, 0, 0, 0, 1, 0, 0, 0, 0, 0, 1, 0, 0];0
https://myfonts.com;[0, 0, 0, 0, 0, 0, 0, 1, 0, 79, 0, 0, 0, 0, 0, 1, 1, 0, 1];0
https://javmost.com;[0, 0, 0, 0, 0, 0, 0, 0, 0, 236, 0, 1, 0, 0, 0, 1, 1, 0, 1];0
https://basecamp.com;[0, 0, 0, 0, 0, 0, 0, 0, 0, 58, 0, 0, 0, 0, 0, 0, 1, 0, 0];0
https://sketchup.com;[0, 0, 0, 0, 0, 0, 0, 0, 0, 200, 0, 0, 0, 0, 0, 1, 1, 0, 0];0
https://fandom.com;[0, 0, 0, 0, 0, 0, 0, 0, 1, 132, 0, 1, 0, 0, 0, 1, 0, 0, 1];0
https://baeldung.com;[0, 0, 0, 0, 0, 0, 0, 0, 0, 0, 1, 0, 0, 0, 0, 0, 1, 1, 0];0
https://utorrent.com;[0, 0, 0, 0, 0, 0, 0, 1, 0, 75, 0, 0, 0, 0, 0, 0, 1, 0, 0];0
https://syf.com;[0, 0, 0, 0, 0, 0, 0, 0, 0, 2062, 0, 1, 0, 0, 0, 1, 1, 1, 0];0
https://lazada.com.ph;[0, 0, 0, 0, 0, 0, 0, 0, 0, 1540, 0, 1, 0, 0, 0, 1, 0, 0, 1];0
https://bulbagarden.net;[0, 0, 0, 0, 0, 0, 0, 0, 1, 198, 0, 1, 0, 0, 0, 1, 0, 0, 1];0
https://absher.sa;[0, 0, 0, 0, 0, 0, 0, 1, 0, 5, 0, 1, 0, 0, 0, 0, 1, 1, 1];0
https://goal.com;[0, 0, 0, 0, 0, 0, 0, 0, 0, 441, 0, 0, 0, 0, 0, 0, 1, 0, 0];0
https://outlook.com;[0, 0, 0, 0, 0, 0, 0, 0, 0, 44, 0, 1, 0, 0, 1, 1, 1, 0, 1];0
https://gogoanimes.org;[0, 0, 0, 0, 0, 0, 0, 0, 1, 776, 0, 0, 0, 0, 0, 0, 1, 0, 0];0
https://hindustantimes.com;[0, 0, 0, 0, 0, 0, 0, 0, 0, 724, 0, 0, 0, 0, 0, 0, 0, 0, 1];0
https://who.int;[0, 0, 0, 0, 0, 0, 0, 0, 0, 269, 0, 0, 0, 0, 0, 1, 1, 0, 0];0
https://blender.org;[0, 0, 0, 0, 0, 0, 0, 0, 0, 139, 0, 1, 0, 0, 0, 1, 0, 0, 1];0
https://mundodeportivo.com;[0, 0, 0, 0, 0, 0, 0, 1, 1, 661, 0, 1, 0, 0, 0, 1, 0, 0, 1];0
https://go.dev;[0, 0, 0, 0, 0, 0, 0, 0, 0, 197, 0, 0, 0, 0, 0, 1, 1, 0, 0];0
https://hootsuite.com;[0, 0, 0, 0, 0, 0, 0, 1, 0, 138, 0, 0, 0, 0, 0, 1, 1, 0, 0];0
https://bpi.ir;[0, 0, 0, 0, 0, 0, 0, 0, 0, 6, 0, 1, 0, 0, 0, 0, 1, 1, 0];0
https://fool.com;[0, 0, 0, 0, 0, 0, 0, 0, 0, 297, 0, 0, 0, 0, 0, 1, 1, 0, 1];0
https://bookmyshow.com;[0, 0, 0, 0, 0, 0, 0, 1, 0, 4, 0, 1, 0, 0, 0, 0, 1, 1, 0];0
https://gamekee.com;[0, 0, 0, 0, 0, 0, 0, 1, 0, 4, 0, 1, 0, 0, 0, 1, 1, 1, 0];0
https://fextralife.com;[0, 0, 0, 0, 0, 0, 0, 1, 0, 580, 0, 0, 0, 0, 0, 0, 1, 0, 0];0
https://subscene.com;[0, 0, 0, 0, 0, 0, 0, 0, 0, 0, 1, 0, 0, 0, 0, 0, 1, 1, 0];0
https://livemint.com;[0, 0, 0, 0, 0, 0, 0, 1, 0, 442, 0, 0, 0, 0, 0, 0, 0, 0, 1];0
https://elespanol.com;[0, 0, 0, 0, 0, 0, 0, 1, 1, 643, 0, 0, 0, 0, 0, 1, 1, 0, 1];0
https://wargaming.net;[0, 0, 0, 0, 0, 0, 0, 0, 0, 57, 0, 1, 0, 0, 0, 1, 0, 0, 1];0
